complex_id,protein_rmsd,ligand_rmsd,ligand_rmsd_kabsch,success,error
2xtk__2__1.B__1.L,0.29913179936188855,3.5550810963378137,,True,
7qea__1__1.A__1.C,0.792265253465217,7.314248468109573,,True,
5ml8__1__1.A__1.B,1.5481482045306838,9.922793203320003,,True,
4a61__1__1.A__1.B_1.C,1.5761032332044536,9.365145342412797,,True,
5adv__2__1.C__1.L_1.M_1.N,0.3537865818737435,4.5141012133874305,,True,
5la7__1__1.A__1.D,0.4725436082081931,28.936897276956678,,True,
6y87__6__1.F__1.O,1.0142435596181971,9.980054638889873,,True,
5bzq__1__1.A__1.B,0.14247615595774996,3.9352019734061936,,True,
1rwo__1__2.A_2.B__2.C,15.665100717029741,35.598993990290396,,True,
1pj6__1__2.A__2.C,0.5842208285506222,6.268754194041469,,True,
8b0d__1__1.A__1.C,1.0339248841718651,4.682200443392536,,True,
4xm6__1__1.A__1.B_1.C,1.6444125595712054,5.47146192621314,,True,
6gxv__2__1.B__1.D,0.5482228072536349,37.596322828205004,0.7685455622485569,True,
4kgj__1__1.A__1.J,0.7841315522592686,2.7546382347389495,,True,
6yab__2__1.B__1.I,1.7947108555952218,3.8249408020025,,True,
5j61__3__1.E_1.F__1.M,1.0195783863835084,4.380220324813929,,True,
3hf8__1__1.A__1.C,8.609589035974759,11.313867912701324,,True,
2hmw__1__4.A_4.B__4.D,5.9410782806287665,25.008176588255186,,True,
8hq3__1__1.C__1.JA,0.7051542384924521,9.80710786707217,,True,
4zr5__2__1.A__1.G_1.H,0.610380019244699,5.4648851469101265,,True,
4x8d__2__1.B__1.T_1.U_1.V,0.4286135493921655,4.712296662125062,,True,
3pde__1__1.B__1.J_1.K_1.L_1.M,1.4029099069450204,7.755391775587945,,True,
4x2a__1__1.A_1.B__1.C_1.E,16.336309033790524,34.69439013974738,,True,
6oug__1__1.A_1.B_1.C_1.D__1.I,1.9504141254535083,21.72533823830483,0.367068364988955,True,
8b1e__1__1.A__1.C,1.5422158236485721,2.9833528688373425,,True,
3oky__1__2.B__2.C,1.0678841221089541,11.241799598437458,,True,
1siw__1__1.B_1.C__1.L,,,,False,Missing files
6cfc__1__1.A__1.B,2.4321512835706796,9.78944532596204,,True,
8e0t__1__1.B__1.E,0.45674398913633535,5.030496196515598,,True,
7m2o__1__1.A__1.B_1.C,1.0030646075035878,11.28699750571079,,True,
4jsd__1__1.A__1.B,0.8531464498973036,4.826419548196923,0.7120788992688485,True,
5jmy__2__1.B__1.M_1.N,0.4153231964325425,7.157428973077055,,True,
5h41__1__1.A__1.C_1.E_1.F,0.8027497912055587,6.5411920387847395,1.1138721713026591,True,
1bcj__1__1.B__1.I_1.K,8.358609001797804,11.089228106590648,,True,
7nn0__2__1.B__1.J,1.6680886611403758,9.173470633545199,,True,
5bzm__1__1.A__1.B,0.13110486291497303,6.894724603238334,,True,
6e1a__1__1.A__1.B_1.C_1.G,1.9061905108716732,5.501915500136139,,True,
2xd9__1__4.A_4.C__4.F,0.4496068181603762,27.431579671713322,,True,
2cix__1__1.A__1.E_1.F_1.S,,,,False,Missing files
4tlb__1__1.A_1.F__1.V_1.W,8.681248935875555,31.515976204095228,,True,
1zed__1__2.A__2.C,0.3840230251639699,31.98519210953049,,True,
6fl8__1__1.A__1.C_1.D_1.E_1.G,1.9450002547096805,7.332374158913081,,True,
2yqh__1__1.A__1.C,1.439764388581179,4.565437649223497,,True,
1qmg__2__1.D__1.R,0.4684092824026164,8.830573787246218,,True,
8r3d__1__1.B_1.E__1.J,0.4749717029292201,25.35733636855417,,True,
1qnf__1__1.A__1.C,0.5398595540939868,5.817248664366765,,True,
6gwv__3__1.O_1.P__1.CA,21.27430155281542,37.24769569237721,,True,
6hmh__1__1.A__1.B_1.D_1.E,3.722833529017046,9.451361537963955,1.132984801193967,True,
3zyg__1__1.A__1.D,1.2242267859618416,4.469371543469107,,True,
2gfj__1__1.A__1.C_1.D_1.I,0.5590904433672338,6.277305822564326,,True,
4j8t__3__1.C__1.G,0.6645621163820257,7.1675430161647045,,True,
3cde__1__1.A__1.C,0.31592573156181253,7.568980080263692,,True,
3ocd__1__1.A__1.E,,,,False,Missing files
4jaf__1__1.B_3.B__1.H,3.257963875264142,8.29904998491065,,True,
3qw7__1__1.A_1.B__1.B_1.C_1.F_1.G,2.22349843428218,36.4042294983083,,True,
4myw__2__1.C__1.F,0.7422768535692772,6.3217119737400695,,True,
2vfs__1__1.A__1.B_1.C,0.5421676750543295,12.144016321334147,,True,
5lnr__1__3.A_3.D__3.N,3.833864873307914,27.826719423915804,,True,
4x90__2__1.B__1.R,0.6295535173137784,24.167609418215704,,True,
6apl__1__1.A__1.G,1.209515903827907,4.9128351490666535,,True,
7em1__1__1.A__1.D,2.497940139642927,24.416727086668246,,True,
5nn4__1__1.A__1.D,1.2230406108725045,26.86411548530599,,True,
4zdk__1__1.B_3.A__3.D_3.F,0.7867346769905832,31.36480687711483,,True,
5man__1__1.A__1.B,0.7525318568887278,4.588672161681558,2.2431453069048413,True,
5uj7__1__1.C__1.K,1.2587977435416635,8.61562892304894,,True,
6iqy__2__1.B__1.S,1.6537836538080664,8.776381410638441,,True,
3ltp__1__1.A_1.B__1.D,3.7969390050390066,26.832503011104073,,True,
8ogh__1__1.A_1.B__1.M_1.R,2.989817035956423,33.66709225030892,,True,
6zxb__1__1.B__1.L_1.N_1.O,15.797902523112924,22.31440607747207,,True,
8ttj__4__1.D__1.CA,0.5093595668944825,2.2983873499967324,,True,
3p5p__1__1.A__1.B_1.C_1.E,1.275258193479054,7.996533420392131,,True,
3n5h__1__2.A__2.B_2.D,0.34125894031510656,5.197949584317947,,True,
1wxy__1__1.A__1.C,0.4058951892467082,7.109563475321789,,True,
5zk4__2__1.B__1.J_1.N,2.29219158013205,8.986233617827141,,True,
1isi__1__1.A__1.C,0.9553774068709794,16.842190653576765,,True,
3qmt__1__1.A_1.B__1.E,3.802778382896906,26.91533521262047,,True,
1on6__1__1.A__1.C_1.D,1.281243078470791,4.7950190115662785,,True,
4glx__1__1.D__1.G,22.08811008263333,14.85451949820766,,True,
3k42__1__1.B__1.I,2.3154346257322858,22.702776777270472,,True,
3lu6__1__1.A__1.D,1.4063352629130366,37.52373882391498,,True,
4l0p__1__1.B__1.C,1.2007706994459029,5.763017920697949,,True,
1omz__2__1.A__1.C_1.D,1.5494193786472887,4.924658782661091,,True,
5w6y__1__1.A_1.B__1.D,10.594930389318618,26.708759168008285,,True,
4a7g__1__1.B__1.O,0.4742277476366471,4.594827494233566,,True,
1uoo__1__1.A__1.B,0.3386155648186669,3.180777865369339,,True,
5ui4__1__1.D_1.F__1.L,0.44788444743079187,38.81750094017863,,True,
8wsm__1__1.A__1.D,1.7634182136321377,5.750391357899043,,True,
6pyy__1__1.D__1.P,0.7168906519162591,2.8878488919853784,,True,
8akb__2__1.B__1.K,0.5243166653306781,5.6774131807785295,,True,
8get__1__1.C__1.P,1.7029511257170826,5.475602266005436,,True,
7v0j__3__1.C__1.F,0.4324457941418367,7.630273303812229,2.3206678144259443,True,
2xcg__2__1.A_2.A__1.F,0.4049915571033052,31.452660046416653,,True,
2yr6__1__1.A__1.D_1.E_1.F,1.603864134125186,13.780635727517376,,True,
8b18__1__1.A__1.C,1.2927625416743975,3.3983940782635065,,True,
3elm__1__2.A__2.C_2.I,3.693538983954262,6.2491491642980534,,True,
8w6p__1__1.A_1.B__1.E,4.698520484718236,24.620551022178894,,True,
4mlp__1__1.A__1.E,0.9144281286007019,5.34352920730164,,True,
4az3__1__1.A_1.B__1.C,18.359500434055136,37.28179379509522,,True,
4xph__1__1.A__1.J,0.6159045462745097,8.507362196125861,,True,
7tfp__2__1.B_2.C__2.F_2.G,0.5008996632520256,20.873063437741955,,True,
5zdq__1__2.A__2.E_2.F_2.G_2.H,12.166772565399114,3.249901896001841,,True,
8p0m__1__1.C__1.L,,,,False,Missing files
7cfd__1__1.A__1.B,1.2366089881821594,10.064339577671626,,True,
3uel__1__1.A__1.D,0.6600214595335858,4.800726202238276,,True,
2hxd__1__1.A_3.A__1.B_1.C,0.5107144185632388,4.6557837332796534,,True,
5ezv__1__1.E__1.K_1.L,1.5687772632000687,6.991780104093662,,True,
3n13__1__1.A__1.B,0.4605912728165152,6.153216428940178,,True,
3p5y__1__1.A_1.B__1.E,8.86943305181904,26.934900816961356,,True,
8jyf__1__1.B__1.F,0.503411635259545,2.5210465936080704,,True,
8bnx__1__1.A__1.C,1.9813993771429383,8.433593190828397,,True,
7bo7__1__1.A__1.C,0.7490391653543044,6.969885916025728,,True,
6h15__1__1.D__1.G,1.1991607746780457,36.610348821425184,,True,
5v3a__2__2.C_3.C_3.D__3.L,0.7692869698890058,26.55325506423029,,True,
7vbv__1__1.B__1.N,1.7126811322199378,6.139421523897447,,True,
8e1v__1__1.A__1.C_1.D,0.44821394919880303,8.36665081443257,,True,
6boi__1__1.A__1.C,0.5541180815349671,6.431752381907587,,True,
6zc8__1__1.A__1.C,1.5520239126358202,6.975816108949715,,True,
2yc5__1__1.A__1.B,1.3936621456831675,5.268896664767682,,True,
3elh__2__1.F__1.Q_1.R,0.28060427018494827,4.92590093553115,,True,
2ada__1__1.A__1.B_1.C,0.25434068009608085,4.763108594074605,,True,
2uag__1__1.A__1.B_1.D,,,,False,Missing files
6f5w__1__1.B__1.HA,0.3124691473764538,33.97766441282735,,True,
3p60__1__1.A_1.B__1.D,3.7865015558828294,26.98066478237871,,True,
5ayc__1__2.A_3.A__2.B_2.C,0.609556200265229,4.267355272144052,0.536838349757312,True,
5e62__2__2.C_2.D_3.D__3.N,28.02152636614336,63.71114678975224,,True,
3qcp__1__1.A__1.B,15.672603693548433,11.459378850432332,,True,
5bvb__1__1.A__1.E,0.5794042963869341,7.169399141066744,,True,
4hsi__2__1.B_2.B__2.K,6.5561261574408976,31.95551147857194,,True,
1g4t__2__1.B__1.F_1.G_1.H,0.3614687841938423,7.3381619325277905,,True,
7nim__1__1.A__1.C,,,,False,Missing files
7t8f__1__1.A_1.B__1.E_1.H,3.776413278304365,4.126261243471504,,True,
1lhu__1__2.A__2.C,0.47694602802134123,4.261622469083812,,True,
3v1p__1__1.A_1.B__1.E,5.914137242823784,26.946358180475052,,True,
6i5p__4__1.G__1.H,1.1723020311653143,12.237183458843788,,True,
6iil__1__1.B__1.D,1.1279836813005,4.25107208217246,,True,
3li1__1__1.A_1.B__1.C,3.7922810117233716,6.019636972178487,,True,
3rlu__1__1.A_1.B__1.D,5.904268740097148,26.846307402559614,,True,
4tn2__1__1.A__1.B,0.7020197716221743,5.3603702937175175,,True,
6g3y__1__1.A__1.D,0.3571294540775754,4.20814316261187,,True,
3it3__1__1.B__1.D,1.5264648366696705,6.143985735165166,,True,
5wgu__1__1.A__1.N,0.7778469599577724,4.977121340976128,,True,
6x6v__3__1.C__1.G,1.0161773525059978,9.622322573015659,,True,
7r2v__2__1.B__1.L,1.533194895994323,8.394232349976061,,True,
4lrh__4__1.D__1.T,2.8059852085004366,6.036610848527715,,True,
7vjt__1__1.A__1.C,1.2044023037154767,5.313787110903108,,True,
8b1f__1__1.A__1.C,1.3725634324512779,3.9261087018142464,,True,
7wmi__1__1.B__1.F_1.G,0.5761603299129451,8.426541309828725,,True,
5odi__1__1.A_1.G__1.N,5.549498062893402,13.73726189163743,,True,
3vv0__1__1.A__1.B,2.075806734345368,7.219568473115273,,True,
4ffo__1__1.A__1.B_1.C_1.D_1.E,0.9469775461070403,23.009201664615897,,True,
1kv3__2__1.B_1.F__1.L,8.65657417284474,12.987870273410055,,True,
4z2l__1__1.A__1.B,1.0195496714361751,5.361200312227298,,True,
4xp1__1__1.A__1.N,0.38832313924848777,19.932337927186854,,True,
2oz2__1__2.A_2.B__2.F_2.L,0.4988464679267394,4.033674709244661,,True,
5hmw__1__1.A__1.D,1.1315186798586345,4.912822318128349,,True,
5f2n__1__1.B__1.E_1.F,0.5970458822395919,8.641729830150194,,True,
8bf4__1__1.B__1.H,1.9852140630691504,42.23500232481517,,True,
1esw__1__1.A__1.B_1.D,1.0300648868826738,10.923095136244788,,True,
4s3q__1__1.A__1.D,6.428594489507337,5.325825778387717,0.9864694206420025,True,
6wuu__1__1.A__1.E,1.4757563879963314,11.278121986727223,,True,
5bzj__1__1.A__1.D_1.E,0.1126581730307083,6.938369344222179,,True,
4fz0__1__1.B__1.K,2.6778259165523326,36.79729815355237,,True,
5oef__2__1.B__1.K_1.L,,,,False,Missing files
5d4v__2__1.B__1.I_1.L,0.6666657743291643,8.717225807692932,,True,
8gmi__1__1.B__1.K,1.593123482364067,27.64691361493856,,True,
3ayg__2__2.A__2.B_2.C_2.E,,,,False,Missing files
6qp8__1__1.B__1.I,1.132069756653768,49.15485315822262,,True,
2y38__1__1.A__1.B,1.57007983279097,6.312692501506107,,True,
8a0v__2__1.B__1.L,1.1120166341420026,4.726198941068347,,True,
1v3e__1__1.B__1.I,0.795671571819284,26.127952746272115,,True,
1zxv__1__1.A__1.C_1.D,2.5976726894974083,51.625713939415895,,True,
1qwu__1__1.A__1.C_1.D,0.481206685397231,3.742221273744601,1.145924084541425,True,
6x5u__4__2.F__2.X,0.5647426225296873,6.425857056650107,,True,
6w8z__1__1.A__1.E,0.529127495535079,3.720567342399991,,True,
1h33__1__1.A__1.D,,,,False,Missing files
3lgm__1__1.A__1.C,,,,False,Missing files
4xqc__1__1.B__1.J,0.46848525250894707,10.061174484294023,,True,
2nw8__1__1.A_1.B_2.A__2.D,1.1259047978603542,19.18133215585751,,True,
7rtc__2__1.B__1.E,2.9045010747065994,5.275677971123711,,True,
4hjh__2__1.B__1.IC,,,,False,Missing files
2xpc__1__1.A__1.B_1.D,,,,False,Missing files
7oa4__4__1.D__1.S_1.T_1.U_1.V,0.5325312922619637,4.231651010478388,,True,
5m8l__4__1.D__1.U,0.5426923514529098,24.895396328430742,,True,
6pe3__1__1.A__1.B,2.807792233613768,8.271774037244114,,True,
7rgy__1__1.A__1.D,0.16264237374030283,4.9190843394704595,,True,
4x91__2__1.B__1.Q,0.603488459746423,27.368702801570894,,True,
1jcl__1__1.A__1.C,0.2672596802857245,2.435148913626939,,True,
5u1y__1__1.A_2.A__2.E,1.596838741315398,18.776435296047723,,True,
2x0u__2__1.B__1.D,0.38389657009093026,3.449532072097399,,True,
3l9h__1__1.A__1.D,0.6992693835360394,7.102239601848056,,True,
2ya3__1__1.C__1.D,0.8462861306111773,9.216924821640772,,True,
8eg6__2__1.G_1.H__1.AA,15.157529940672775,23.84696172783443,,True,
4ise__1__1.A__1.C,4.19220532525555,7.209429718802808,,True,
6i35__2__1.C__1.N_1.P,0.7520945648079981,3.672182345894606,,True,
3p5z__1__1.A_1.B__1.C,0.6936891655913986,5.985405380742242,,True,
5f9t__2__1.B__1.G,0.5664672509649119,34.56204251031101,,True,
4i4v__2__1.D__1.L,0.23955880102730068,26.12911412529454,,True,
6yx0__2__1.B_1.D__1.D_1.F,0.4247823145393006,39.27029945711022,,True,
7bht__1__1.A_2.A__2.C,0.33507281291233065,36.93083786157579,,True,
5x72__1__1.A__1.B_1.C,0.6491740068595085,4.587025513881519,,True,
2vzq__1__1.A__1.C_1.F,0.30307593380138675,5.154762570146499,,True,
1thz__1__1.A_1.B__1.D,1.5148172978220709,5.226740435433344,,True,
7n54__1__1.B__1.H,0.42925961120157036,6.191129071812843,,True,
5jau__1__1.A__1.E,0.2131863047506712,5.5489454287579125,,True,
2xjb__1__1.A__1.D_1.G,0.803944600377205,6.827427883464829,,True,
3g1b__1__1.B__1.D,0.3143149125640624,6.1341693592185536,,True,
3sgu__1__1.A_2.A__1.B,,,,False,Missing files
1nme__2__3.A_4.A_4.B__4.C_4.D,13.724306093165483,29.19833924692011,,True,
3lty__1__1.A_1.B__1.C,0.3636115395642495,6.012516536737795,,True,
4zmm__1__1.A_1.B__1.C_1.D,7.373760153618502,7.501991534730889,,True,
2jbs__1__1.A_1.D__1.H,4.515968994274732,36.01033044718086,,True,
7siy__1__1.A__1.B,0.3727304012294418,4.516396270833639,,True,
8f1g__1__1.A__1.C,0.7020051719268852,6.701582061156439,,True,
5fra__4__1.D__1.L,2.1212271938006912,4.434931754830056,,True,
5m5e__1__1.A_1.B__1.F_1.K,13.025630294459297,24.45165266433218,,True,
5sun__1__1.A_1.B__1.D_1.J,8.547096368880526,8.568675000467481,,True,
6a9a__1__1.A_2.A__2.C_2.D,0.6740000905505994,43.93683541603716,,True,
4azm__1__1.A_1.B__1.C,19.584215733469744,16.41297153866078,,True,
1l2a__1__1.A__1.G,0.48244372143040065,31.8881289998973,0.6033645241889036,True,
2ica__1__1.A__1.B,0.4192415189620282,6.992430170413438,,True,
1g4s__2__1.B__1.F_1.G_1.H,0.3579049092356364,6.863839731652989,,True,
1h36__1__2.B__2.G,0.33179228195049887,9.254150415159675,,True,
4u2y__1__1.B__1.D,0.750532224790782,3.7436543017363504,0.4536928873821853,True,
4aha__1__1.A__1.K,0.3776957111133331,29.93766802031423,0.5023403219067936,True,
3lv6__1__1.A_1.B__1.D,3.7883601995037344,26.82838171630762,,True,
6wvh__1__1.A__1.C,0.7259727159915362,6.836179778334848,,True,
6peu__1__1.A_1.E__1.I_1.J_1.K,4.690509153786834,15.60421135386627,,True,
8cb6__1__1.B__1.E,,,,False,Missing files
6btp__1__1.A__1.D_1.F,0.3182975642422249,2.5714063848658837,,True,
2cc7__1__1.A_2.A_4.A_8.A__1.H_8.H,0.35347658526401404,5.600980037953676,,True,
6q8n__2__1.B__1.W,0.3820262464271337,29.29377196333719,,True,
2o6p__1__1.A__1.F,,,,False,Missing files
6kal__1__1.A__1.G_1.H,1.6949929080449546,5.830693079606522,,True,
6gy9__1__1.A_1.B__1.C,19.101425304466435,5.411377746778849,,True,
3ohb__1__1.A__1.D_1.E_1.F,2.3718200842240424,5.255093839892055,,True,
6fns__2__1.B__1.E,1.4611789070414376,5.201794680744809,,True,
3rou__1__1.A_1.B__1.D,7.754451166673563,21.11660190651379,,True,
4x97__1__1.A__1.H,0.632836187702314,23.999597519735318,,True,
1ub3__1__1.C__1.G,0.29949194274623286,2.5620377742966776,,True,
6m3z__1__1.A_1.B_1.C__1.E_1.L,22.780725335250242,19.443210029519303,,True,
8bq4__1__1.B__1.D,1.1365256692157448,5.152655164364984,,True,
1vhn__1__1.A__1.B_1.E,0.5438179995627433,5.110907451147355,,True,
2x1n__1__1.D__1.E,0.5600258295252657,8.656823982648746,,True,
7cta__1__2.B__2.E_2.F,0.49878377936911844,6.4259167751380035,,True,
1dku__2__1.B_3.A_3.B__3.E,0.8262597147200955,44.75124672509964,,True,
7cfd__5__1.G__1.H,1.658845627809575,10.749348628114637,,True,
2wa9__1__1.A__1.H,0.6959414618422746,4.83425592615505,,True,
5n0m__1__2.A__2.B_2.I,1.7077888692836922,8.585832304078039,,True,
5qpg__1__2.A__2.H,0.2429403789116878,24.328468547882213,,True,
6g27__1__1.A__1.B,0.9312178753267427,4.676679900153527,,True,
3nwd__3__1.C_3.C__3.O,7.036587626133497,33.64594050238453,,True,
4ad5__1__1.A__1.B,0.32024955394872145,9.52529648327798,2.349491814148253,True,
1ka1__1__1.A__1.B_1.C_1.D,0.23660241459652093,7.127609052831111,,True,
8jnv__1__1.B__1.E_1.F,0.8887476713640048,6.256828571310647,,True,
1l4y__1__1.A__1.B_1.H,0.6473213734071089,7.09644473978448,,True,
1h7a__1__1.A_2.A__2.B_2.D,0.7841584251010274,20.89593126216999,,True,
4kxl__2__1.C_1.D__1.G,7.363366016604998,6.587972871046362,,True,
3thd__2__1.B__1.P,1.9609231159416733,36.78165031889446,,True,
3vw9__1__1.A_1.B__1.E_1.F,0.5600137282054605,5.8626847651664065,,True,
2bii__1__2.A__2.I,,,,False,Missing files
4n7m__1__1.A_1.B__1.C,16.602950814300847,6.390355064030088,,True,
5vt4__1__1.A__1.E,0.6006189442436431,6.663101448413631,,True,
1q92__1__1.A__1.C,0.22484553267879975,5.495057398675363,,True,
5np8__1__1.A__1.B,1.3413544647876172,5.947835128668757,,True,
4hat__1__1.C__1.G,1.156034314516683,12.22786193451251,,True,
1gzf__3__1.C__1.I_1.J,0.6191260488797912,8.01807306381444,,True,
4avb__2__1.B__1.J_1.N,0.929090561628772,6.881652907319446,,True,
5wgz__1__1.A__1.P,0.7634454528485937,5.750172608379146,,True,
8oep__2__1.C__1.D,0.4533486946749835,11.809799116365573,,True,
6z4o__1__1.A_1.B__1.D_1.H,0.4839363254451358,6.161497808831493,,True,
4jt8__1__1.A__1.C,1.4435005189261392,3.162925398939921,,True,
1d7d__1__1.A_1.B__1.E_1.L,,,,False,Missing files
3bex__2__1.C_1.D__1.L,0.38847437276470737,1.8327135699102939,,True,
8ep7__2__1.B_2.B__2.E,1.0387205114023266,48.08821929025558,,True,
4js1__1__1.A__1.C_1.D,0.6166513327876131,5.018266249764895,,True,
2z8g__2__1.B__1.W,0.9844889563600105,31.269069290274693,,True,
6flu__1__1.B__1.R,0.33958357826030505,35.79262058521027,1.2911118544770084,True,
6iik__1__1.B__1.D,1.2897589468905866,3.9346300585604324,,True,
6zbo__1__1.A__1.G_1.H,2.28505439591415,6.429134275786047,,True,
5qha__1__1.A__1.D,,,,False,Missing files
7ta0__2__1.C_2.C__2.H,0.30320933223372704,22.10407340332467,,True,
3w0u__1__1.A_1.B__1.C_1.F,0.6533175438907137,5.2436841861106265,,True,
5e1q__2__1.B__1.D_1.G,0.5863303929599464,8.269087829824576,2.2434517526900803,True,
7akw__1__1.A__1.D,0.6681622933198405,8.05548089945597,,True,
7zns__1__1.A__1.C,0.7808199721686486,7.16494586886904,2.0811517278632863,True,
1l4u__1__1.A__1.C_1.J,0.5890136252662309,7.089399485068456,,True,
6qvg__1__1.A_1.B__1.L,2.6880585525480307,36.823121996117294,,True,
1w19__1__2.C_2.D__2.T,5.435871280152569,7.842746628001857,,True,
7okt__1__1.A__1.E,0.8237725419259427,33.852677916493654,,True,
3nwd__4__3.D__3.F,7.320341419031149,24.187160851479806,,True,
5ers__1__1.A_2.A__2.B_2.C,1.2408126532244528,56.00508994280167,,True,
2vft__1__1.A__1.B_1.C,0.29344178998103143,12.144635360217347,,True,
7a9z__2__1.B_2.A__2.C,3.9231319776100246,17.781016700593923,,True,
1ua3__1__1.A__1.B,3.846049622812277,30.726907712020804,0.687560055705583,True,
6wk8__1__1.A_1.B_1.D__1.F,14.795860074170543,24.556291993842944,,True,
6gw2__1__1.A__1.C,0.7714303651012412,10.364452820351595,,True,
8qdy__1__1.A_2.A__2.B,0.32342295062388277,36.00112312785533,,True,
7n4w__1__2.A__2.D,0.9576760353092708,6.469208384992831,,True,
8qth__1__1.A__1.B,20.248699789862197,10.410144567875246,,True,
1juh__2__1.B_2.D__2.H,13.925178030735347,26.432250051040196,,True,
7loo__1__1.C_1.D__1.FA_1.HA,0.6720895557712316,21.0666633390029,,True,
4dch__1__1.A__1.C,5.057262782607777,4.3536771337341955,,True,
6x81__2__1.D_1.E_1.F__1.I_1.J,6.370942496517853,7.564467703435304,,True,
5la4__1__1.A__1.E,0.3886695391859895,29.1016735172567,,True,
2wo3__1__1.B__1.C,2.865738409236088,5.169204038271822,,True,
7coz__1__1.A__1.D_1.F_1.G,0.718253843202782,5.912006639986969,,True,
2ccc__1__4.A_5.A_6.A_9.A__4.F_9.F,0.3738102985053147,4.691398783496184,,True,
5el2__1__1.A__1.E,0.7065753323029034,4.047532149733341,,True,
8gkf__1__1.A__1.J,0.8110937436033752,4.750339231044452,,True,
7pwy__1__1.A_1.B__1.I_1.J,0.5179691237612124,35.16593552024787,,True,
4unq__1__1.A__1.C,0.8284528122947783,5.862970463147424,,True,
7db7__1__2.A__2.C,9.978918602439153,7.860517527533835,,True,
3ova__1__2.A__2.C_2.E,3.67084352639293,7.67291804288976,,True,
4bcd__1__1.A__1.B,0.28719455868645,6.907721941504513,,True,
6gbx__1__1.A__1.D_1.F,0.3543085813548049,2.6089986615558085,,True,
1jep__5__1.A_2.A__1.E_1.F,0.27547966006561236,5.3928700738928335,,True,
6f22__1__1.A__1.C,0.2830056054349533,4.002796229780234,,True,
2qvh__1__1.B__1.E_1.F,0.4618415445207837,4.866151491617888,,True,
6tsr__1__2.A__2.B_2.F,,,,False,Missing files
5jjr__1__1.A__1.E,12.241795672260963,5.604898526446727,,True,
7ere__1__1.A_1.B__1.G_1.I,3.939306452645903,30.781670696245246,,True,
1nx9__1__1.A__1.E,2.5774698727931664,5.0999878073792155,,True,
5ohe__2__1.C_1.D__1.N_1.O,,,,False,Missing files
3k56__2__2.B__2.F_2.G,1.102498108484905,4.223906861882389,,True,
3n76__1__12.A_7.A__12.B,0.42889525497984216,27.950304548462764,,True,
3d1r__1__1.A__1.B_1.D,0.7662010233412918,5.703285460109813,,True,
6pai__1__1.B_1.C__1.G,19.538659913490942,23.504563400344907,,True,
7uas__1__1.A__1.C,0.4075646018981947,6.708054506449691,,True,
5hvh__1__1.A__1.E,1.3748495295693042,31.75095083865319,,True,
5qgm__1__1.A__1.F,,,,False,Missing files
7k5m__1__1.B__1.I,0.7253096210457329,7.1177100343763335,,True,
5u1w__1__1.A_2.A_3.A__3.E,1.2132691029776261,22.533693193369416,,True,
7s7t__1__1.A__1.B,6.013786028950302,4.710756589312379,,True,
2gah__1__1.A_1.B__1.G,26.501411482363615,28.617045339160164,,True,
2zwa__2__1.B__1.H,6.243697082516836,9.527128648940431,,True,
7w2g__1__1.A__1.M,0.8190085259766581,5.906825509674306,,True,
3ue1__1__1.B__1.D,5.552532042497794,8.911192961523165,,True,
4i02__1__1.A_1.E__1.H,12.626070119711983,21.945285230296985,,True,
4ci9__1__2.A__2.B,0.7502240079607617,25.82065235623968,,True,
3sw6__1__1.A_2.A__2.B,0.29086233636233666,26.314287703330226,,True,
6kfe__1__1.A_2.A__1.D,0.5388445186710338,24.219358172544542,,True,
5zq7__1__1.A_1.B__1.E,15.819791760053887,49.002005293978904,,True,
1q91__1__1.A__1.B_1.C_1.D,0.2660045590951071,6.281564055659796,,True,
5m77__2__1.B__1.D_1.R,0.6443392309935874,4.127386232721927,0.8978938290160451,True,
2xce__1__1.B_1.C__1.M_1.N,1.5997141449530758,26.354425773048877,,True,
6btn__1__1.A__1.C_1.D_1.F,0.6505835628127846,3.727450752581001,,True,
1wop__1__1.A__1.B,0.31722843655708965,3.343331944069463,,True,
3qkv__1__1.A__1.C,0.6894110707229286,5.284473442338203,,True,
5nbx__2__1.B__1.D,0.42184116719974313,2.8810143619986617,,True,
2bs3__1__1.C_1.E_1.F__1.V_1.W,,,,False,Missing files
2e82__1__1.B__1.G_1.H,0.47479472754262236,14.363586865016272,,True,
4cb5__1__1.A__1.B,1.4101796204673356,5.649032260201741,,True,
3jvv__1__2.B__2.G_2.H,4.168003546597647,8.842293595737805,,True,
6tlk__2__1.D__1.R,1.1505959270997947,11.892497242799765,,True,
1uhe__1__2.A_2.B_4.A_4.B__4.C,16.39710425364518,15.348531296812434,,True,
3bwk__1__1.B_1.D__1.G,8.752637750733063,6.412255142788395,,True,
1o94__1__1.C__1.M,0.6191688180376319,6.062953528674747,,True,
5y4z__1__1.A__1.B_1.C,0.31107311527625214,8.697967925418723,,True,
6rtw__1__1.A__1.D,1.0852833087657838,48.42765368900442,,True,
5odc__1__1.A_1.G__1.SA,1.6393801313921685,32.28354918126346,,True,
5dqe__2__1.B__1.E,1.2212304767275126,18.502778736894374,,True,
5t2p__1__1.A__1.G,5.381707312422438,7.615456704374787,,True,
4p9o__1__2.A_2.B__2.E,0.5185012406042823,13.566407702114809,,True,
3ek5__1__1.A_1.C_1.D_1.E_1.F__1.K_1.L,7.6876877617097685,36.12153566201886,,True,
8qv7__1__1.A__1.E,2.3114283155548896,2.68386395181928,,True,
5m7u__1__1.A_1.B__1.D,7.091672561146989,35.38316972803543,,True,
3ogm__2__1.E_1.F__1.CA_1.DA_1.EA_1.FA,4.546359396647522,46.04589712870145,,True,
1h8v__1__1.A__1.G,,,,False,Missing files
2y71__1__1.A_3.A__3.B,0.7356506260011514,27.645999208625714,,True,
6bkz__1__1.A_1.B__1.D,2.651363214428978,13.160202273634436,,True,
4cp5__1__1.A_1.B__1.G,0.46032230501807764,6.15651262286983,,True,
2xju__1__1.A__1.B_1.C,0.7322158664126627,4.275751566226334,2.2071561973269276,True,
6bsl__1__1.A__1.D_1.F,0.4080756853881639,7.59152699723697,,True,
6sh1__1__1.A__1.D,0.5756711337079091,44.089430018826505,,True,
6yy6__1__1.A__1.E,0.24852430127316616,3.6523458910849342,,True,
6ul2__3__1.C__1.W,1.2254539592823164,3.291222625509656,,True,
8e1s__1__1.A__1.C_1.E_1.F,0.3692649283281442,8.302063304461749,,True,
5l6v__4__1.N_1.P__1.OA,4.044377836241403,34.457428760687094,,True,
4gc4__1__1.A_1.B__1.D,3.7857963040571927,27.016004142048505,,True,
1zef__1__2.A__2.D,,,,False,Missing files
7w2f__1__1.A__1.M,0.8098126999598559,5.219359873461078,,True,
6g9s__1__1.A__1.B,2.105256684599031,4.206118430844016,,True,
5j42__1__1.A__1.C_1.D,0.7870383892729386,5.067356533775771,,True,
7c6b__2__1.B__1.E,0.4280611827609066,3.7809046595018003,,True,
3s1f__1__1.A__1.B,1.1754916406514098,32.04361747732634,,True,
5e6m__1__1.B__1.G,5.317302234654678,4.3187797529446215,,True,
5d61__1__1.A__1.D_1.L,0.5160650604168763,28.545047747832907,1.8811249111328374,True,
6xug__1__1.B__1.H_1.I_1.K_1.L,0.7492820705224166,5.819441954678385,,True,
7y4p__1__1.A__1.E,2.2987838504833733,46.8958674974672,,True,
7ee5__1__1.A__1.H,0.6950006766390914,4.890253106667663,,True,
5ov6__1__1.A__1.B,0.6312563895968734,4.577643530245665,,True,
4zne__1__1.A__1.F,3.5477332817988363,32.20488643794714,,True,
6fgx__1__1.A__1.C_1.D,1.0360283635236962,7.142894123623164,,True,
4mwf__2__1.C__1.L,5.273297262457321,33.7982744248346,,True,
6i6x__2__1.B__1.S,0.7407411747412715,3.8542481905406287,,True,
5iul__2__1.E__1.P_1.Q,13.693338767584624,14.230094161194142,,True,
3vph__1__1.A_1.B_1.C_1.D__1.F_1.H_1.Q,1.4084692555153213,27.64721418155001,,True,
1itc__1__1.A__1.D,0.570697645592286,38.02691865197367,1.6760209193844668,True,
1gm9__1__1.A_1.B__1.M_1.O,28.964493643170268,8.616146913039687,,True,
2pnc__1__1.A__1.C,,,,False,Missing files
1gtk__1__1.A__1.B,1.0086858217992132,6.885031248827657,,True,
6ykb__1__1.A__1.C,2.7679385821880707,6.569485373680346,,True,
7k4h__1__1.A__1.G_1.H_1.I,,,,False,Failed to extract protein or ligand from predicted complex
7v3d__1__1.A_1.B__1.F,3.972748857242432,37.46038527712086,,True,
7erb__2__1.C__1.L_1.M,1.0515950223356392,11.437153524606403,,True,
6y5m__1__1.A__1.I,2.5669342791790295,8.71548056005676,,True,
6xhq__1__1.A_1.B__1.C,13.492700640610966,6.529326006384355,,True,
5d4u__1__1.C__1.P_1.S,0.7424722009874283,4.0682002484036,,True,
3ayf__1__1.A__1.B_1.C_1.E,,,,False,Missing files
6wk9__2__1.E_1.F_1.G__1.Q_1.R_1.U_1.V,15.687507700391754,33.072147706060996,2.3217949287990396,True,
1qk0__1__1.A__1.E,0.6158274791153302,23.95628565603548,,True,
5bzl__1__1.A__1.D,0.12373433986236167,5.681051404397936,,True,
5erd__1__1.B__1.H,5.760200325224903,41.80569987746886,,True,
8qtj__1__1.A__1.E,20.173814742901925,8.749295995202507,,True,
5u8z__1__1.D__1.O_1.P,0.3290091609671458,4.5556431267531625,,True,
7p3b__1__1.A__1.C_1.D_1.E,1.1980361310648973,6.435581338575146,,True,
1x1i__1__1.A__1.B,0.634528417725963,3.901917437770368,,True,
3r77__1__1.A_1.B__1.C,4.373851598757952,4.037912162553812,,True,
4r9j__1__1.A_1.C__1.S,0.32847406447183647,48.41280431661391,,True,
6iqx__2__1.B__1.Q,1.5412127486069493,22.664464849517184,,True,
5aw4__1__1.B__1.D,3.6635621923677633,14.28430708247441,,True,
4d4b__1__1.A__1.C_1.E,0.5784773526051182,7.827438619502764,2.2618825288692945,True,
1z82__1__1.A_1.B__1.D_1.I,3.803550204682268,48.427516834947944,,True,
3e4w__2__1.B__1.J_1.L_1.M,,,,False,Missing files
1z2i__1__1.A_1.B__1.E,0.7481132686365646,10.653550131134264,,True,
3i26__2__1.C_1.D__1.N,9.087579576913921,55.912394771559505,,True,
2wgs__1__1.G__1.Y,1.9688259346368526,6.040603464797915,,True,
7f4c__1__1.A__1.C_1.D,0.7585435295340965,10.902258485104895,,True,
3wgb__1__1.A_1.B_1.D__1.F,1.343849612242407,29.55656053618215,,True,
5eqe__1__1.A__1.C,0.7058669980541423,3.766660883094641,,True,
5fa1__1__1.B__1.D,3.54419326469226,4.802375115899375,,True,
1w2x__1__1.A_2.A__2.D,2.0465003339525114,9.291843641050047,,True,
4a1o__1__1.A_1.B__1.E_1.I,5.179310257662615,57.43755480478145,,True,
6l3r__1__1.A__1.E,0.6507335492980547,4.827488935288545,,True,
5avw__1__1.B__1.D,4.156678256210567,14.688985117852765,,True,
3nqd__1__1.A_1.B__1.C,3.8042603677319615,5.9904932874362,,True,
5my0__2__1.D__1.G,,,,False,Missing files
4x94__1__1.A__1.C,0.7030828053148777,24.286253384888333,,True,
4uns__1__1.A__1.C,0.850850598563077,6.435926880900396,,True,
6z3v__1__1.A_1.B__1.D_1.I,0.43568303795231217,11.602735002213919,,True,
4k2f__1__1.A_1.B__1.M,28.759952866088547,16.58321014887542,,True,
6cq9__1__1.A__1.F,14.849212217598238,8.91857748015196,,True,
3lhu__1__1.A_1.B__1.C,3.8065921529630953,6.029766663508933,,True,
1dvr__1__1.A_1.B__1.C,3.5906717964654145,14.649567928699321,,True,
7a5x__1__1.B__1.G,0.3544042050689784,6.770221552480939,,True,
3w81__2__1.B__1.G,0.5904831001041264,31.4039570422605,,True,
1tcc__1__1.A__1.C,0.8413980483855211,41.027393421160006,,True,
7k4g__1__1.A__1.G_1.H_1.I,,,,False,Failed to extract protein or ligand from predicted complex
5m92__1__1.A__1.D_1.E_1.N,,,,False,Missing files
5xpi__1__1.A__1.B,0.9577022068130062,5.9664459214716885,,True,
2x0q__1__2.A__2.B_2.C_2.D,4.605401080669207,7.926412984670203,,True,
1r34__1__1.A__1.C_1.D,0.45090599633126693,6.986376139486119,,True,
3rlv__1__1.A_1.B__1.D,3.8015935693053278,26.833511532376484,,True,
3ddb__1__1.A_1.B__1.B_1.C,2.2673046794159113,36.35314687819072,,True,
4fju__1__1.A_1.B__1.E,7.531794390527551,24.68684706795485,,True,
6bkx__1__2.A__2.F,1.7001543390379084,21.40435955549171,,True,
7pxn__1__1.A__1.C,,,,False,Missing files
8cov__1__1.B__1.T,0.3509854348569605,4.316762478657223,,True,
5fsc__1__2.A__2.D,0.24666323136815682,4.310949854875374,,True,
5vsj__1__1.B__1.E,0.6672613161216614,5.066013222833962,,True,
4cix__1__8.A_9.A__8.B,0.46849966396011145,4.782154498758902,,True,
3bqn__3__1.A_1.B__1.D,0.2777808411401759,22.995817685630776,,True,
3woo__1__1.A__1.C,0.39849704087566884,8.817561814511269,,True,
3x0b__1__1.A_1.B__1.E,11.428073685897518,23.716166314223575,,True,
5lx6__1__1.A__1.C,0.5581460677864902,4.62815391874077,,True,
6m06__2__1.B__1.D,0.5454370388944143,1.8098370447257204,,True,
6yf4__1__1.A__1.C_1.D,,,,False,Missing files
5m5u__1__1.A__1.C,0.38880239578413883,5.961736718345412,,True,
6h6m__1__1.C_1.D__1.X,0.5806423907482615,29.51718718309512,,True,
6o9x__1__1.A__1.B,0.716258768399278,5.48549083461696,,True,
1oa2__3__1.C__1.I,,,,False,Missing files
8ede__1__1.A__1.C,1.268060329858157,6.230948227243445,,True,
4tlc__1__1.C_1.D__1.M_1.O,5.617692676912862,9.462380626118799,,True,
6hbz__1__1.A_1.B__1.C_1.D,6.679741895226701,7.926749811391256,,True,
4cyj__1__1.A__1.G_1.H,5.961436847081752,9.205886094233405,,True,
6pgu__1__1.A__1.C,0.7274217297709618,7.047745739862499,,True,
5nr3__1__1.A__1.C,0.85974860650574,5.4741977320882365,1.7048573140910772,True,
6lsa__2__1.D__1.E,1.1912387004402294,46.848812520482156,,True,
3tay__1__1.A__1.C_1.H,0.5616076124368773,4.439185864106949,,True,
7ow2__1__1.A_1.C_1.E_1.G__1.E_1.G,3.8138256649063673,30.63161670770089,,True,
4hb0__1__1.C__1.F,1.0884428520250609,8.457894608846752,,True,
8b1a__1__1.A__1.C,1.437381651583594,4.354150196569442,,True,
4jvo__1__1.A__1.C,0.32683825950492806,4.036801147080622,,True,
6fhv__1__3.A__3.G,2.049984606624752,36.73484605246865,,True,
3lgn__1__1.A__1.C_1.D,,,,False,Missing files
8dc6__3__1.C__1.U,1.5905564442239915,7.050321158908295,,True,
4ad4__1__1.A__1.B,0.4022021697769385,9.495136122544647,1.1863274512586388,True,
4ien__2__1.C_1.D_2.C__1.P,0.9987999990604307,34.38115216089645,,True,
6e08__1__1.A__1.B,0.8882283908267219,10.426475266169371,,True,
2vkd__1__1.A__1.D_1.E,0.9521451896997676,5.789172941170248,,True,
5buh__1__1.A__1.B,2.565059136284371,6.081777922106622,,True,
3hf6__1__1.A__1.C,2.049701369487945,6.490374971881439,,True,
1v3c__1__1.B__1.J,0.799552133179223,26.26729381664583,,True,
6yyd__1__1.A__1.B,0.285722170178368,5.0784528770859545,,True,
8caa__1__1.B__1.F,1.4250601205460847,5.378306439168375,,True,
4kax__1__1.B__1.H,10.347910692130501,8.034454255357273,,True,
8gen__1__2.A_3.A__2.B,1.8022147006176272,5.744254267017289,,True,
7pz1__1__1.A__1.D,0.5226965175642012,6.534220224854421,,True,
7t78__2__1.B__1.I,1.1266610567936828,9.3862077064169,,True,
1fj4__1__1.B__1.F,0.40975968758238657,4.160167131172222,,True,
8odp__1__1.A_1.B__1.I_1.J_1.K_1.L,23.08666540055475,20.374573769759575,,True,
3wjy__1__1.A_2.A__1.B,0.30193312278712353,3.9343623162406565,,True,
6m47__1__1.A__1.G,0.4311455796163678,6.023100104573582,,True,
3t44__1__1.A__1.B_1.C,0.24576159564318,2.0566529868748042,,True,
3gnc__1__1.A__1.F,0.984407671685832,4.277202748876887,,True,
3zds__2__2.F_2.J__2.Y_2.Z,0.439098878234353,47.54297846756283,,True,
8bv3__1__1.B_1.C__1.I_1.L,0.7864435712781764,8.429592818371974,,True,
1h1i__1__1.A_1.C__1.E,3.0880183322429855,34.341321961247665,,True,
6r58__2__1.B__1.F_1.J,0.6196595623133784,5.940274702573698,,True,
7ssi__2__1.E__1.N_1.O,13.905136289453297,14.413320919753588,,True,
8ez1__1__1.A_1.B__1.D,0.3760736133773216,5.950469477976787,,True,
1xr2__1__1.A__1.D,2.1603730761878244,3.824533477353014,,True,
7d7u__3__1.C__1.F,0.8467193821659648,6.418892798281751,,True,
8b6m__1__1.A_1.B__1.E,16.182780082586635,18.747885454911977,,True,
6e6i__1__1.F_1.G_2.G__2.V_2.W,0.4222575429390414,35.951711290055854,,True,
3nqe__1__1.A_1.B__1.C,3.8072818864915794,5.9612906835379516,,True,
4mpe__1__1.A__1.B,1.4072707783283236,2.6867786612011257,,True,
1yk1__1__1.B__1.D,1.1830772268673593,28.0782083983482,,True,
1juh__2__1.B__1.GA_1.X,2.530286087792397,25.30418552954375,,True,
3cxq__1__1.A_2.A__2.B,0.4302070475121238,4.103003951908285,,True,
8sz3__1__1.A_2.B__2.I,10.326873478794068,28.154762964753026,,True,
6hvj__1__1.A__1.B,2.0316384254398443,7.091614775552794,,True,
5rm2__2__1.B__1.H_1.M_1.N,1.2083767822932905,42.109753829586005,,True,
8qe3__1__1.A_2.A__2.B,0.3714617979285758,4.688016239768516,,True,
5a88__4__1.D__1.P_1.Q_1.R,1.2873608892449624,7.091226599324194,,True,
7qta__2__1.B__1.O,0.26631841374689585,19.618632335395567,,True,
3rer__1__1.B_1.C__1.I,9.27409142456326,7.5550384926342495,,True,
5flj__2__1.L__1.YA_1.ZA,0.47051384908632776,5.093320102885202,,True,
5tiy__1__1.A__1.C,0.38219902451630133,6.216392447754566,,True,
3ddu__1__1.A__1.B_1.G,0.4075345498145835,7.12892210001962,,True,
2dew__1__2.A__2.B_2.H,1.5519778325659699,3.548068244908251,,True,
3oha__1__1.A__1.D_1.H_1.I,2.3978748637966665,5.324622777752161,,True,
5id7__1__1.A__1.D,3.5839488533021653,27.838603116865137,,True,
8ppd__2__1.B__1.L,4.760302231018502,6.301420615004207,,True,
3b03__1__1.A__1.E_1.F,0.48943422454150143,7.755090747247482,,True,
4nbi__1__1.A_1.B__1.C,16.249315767813595,8.386384017657008,,True,
6hvh__1__1.A__1.B_1.C,2.172737596271856,8.019595310602234,,True,
5ylt__1__1.A__1.C,1.0536429154176146,5.620363222209506,,True,
2bif__1__1.A__1.F_1.H,0.6677335774996742,8.441264734279665,,True,
6e07__4__1.F__1.QA,0.9471658642178359,10.460820391545143,,True,
5i3q__1__1.A__1.D,0.881711629196315,5.174144456389697,,True,
6qpv__2__1.B_3.B__3.H,,,,False,Missing files
5cdo__1__1.A_1.C_1.D__1.W,16.704310760613648,36.521114690094514,,True,
2zw9__2__1.B__1.D,1.0889335184245583,3.944869515844223,,True,
3l4t__1__1.A__1.B,0.734799130259522,5.508236742081642,,True,
5wdl__1__1.F__1.V,0.7314827258780707,3.806399788924568,,True,
1d7c__1__1.A_1.B__1.E_1.K,,,,False,Missing files
7li5__1__1.A__1.C,2.51127658711426,,,True,
3w0t__1__1.A_1.B__1.F_1.G,16.270842435736864,33.32339274906443,,True,
2q8i__1__1.A_2.A_2.B__2.F,15.873413488055592,49.50699857437054,,True,
4txe__1__1.A__1.B,0.28804993381579586,9.044211465351749,,True,
3thc__2__1.B__1.P,1.9380379813825561,36.67443990200415,,True,
6fnt__2__1.B__1.D,1.3930698388703224,4.79767296030065,,True,
1los__1__1.A_1.B__1.E,15.940367703544991,5.5179957740452235,,True,
7vtf__1__1.A_1.B__1.F,4.096341766161656,28.40450701710392,,True,
5byr__1__1.A__1.C_1.H,,,,False,Missing files
1js4__1__1.A__1.C,0.5596272783779646,6.708624746175628,2.191141039927748,True,
6xop__1__1.A__1.B,2.45883153522509,5.78343993668297,,True,
3lhy__1__1.A_1.B__1.C,3.7974275465933975,6.011536923926133,,True,
3r1r__1__1.A__1.G,2.012244925739755,32.43208033368721,,True,
3kqn__1__1.A__1.C_1.D_1.E,3.1346574385234653,7.96815763779437,,True,
2j0y__1__1.C__1.H,0.5458093258273599,33.66846500914874,2.3860202658716534,True,
4edh__1__1.A__1.C_1.D_1.E,0.9139412658474065,7.098098265680693,,True,
3ntp__1__1.A__1.B,1.8686754935033807,6.531531842383111,,True,
2bs2__1__1.C_1.E_1.F__1.V_1.W,,,,False,Missing files
5qtp__1__1.A_1.B__1.G,3.3862568625083935,24.52584104852472,,True,
3ej2__1__3.A_4.A__3.B_4.B,2.975654374799059,6.8344313218194435,,True,
6imj__1__1.A__1.E_1.G_1.H,23.52653009085162,14.012679044167063,,True,
5wdk__1__1.F__1.W,0.7385922111160222,12.045717882695909,,True,
3inb__1__1.A__1.F,1.6155227548365845,6.107869039666313,,True,
4kgq__1__3.A_3.B__3.F,4.100989751556594,13.90396167036832,,True,
4tx6__1__1.A__1.C,0.29220878429525526,5.447139112463194,,True,
3jsa__1__2.A__2.B,0.9149369337211336,9.763069229115402,,True,
1z82__1__1.A_1.B__1.C_1.J,3.8271767314904492,10.326196668899525,,True,
8og5__1__1.A__1.D,1.1592210535219671,7.029924965637968,,True,
1xpg__2__1.B__1.K,1.4893886107235847,3.8879462945224548,,True,
6jd5__2__1.B__1.E_1.F,1.3594276642792151,8.540664520549948,,True,
3b1e__1__1.A_1.B__1.F_1.J,0.5002640774144878,30.312997834482378,,True,
2c94__1__1.A_1.E__1.X,0.3403686231109747,23.39779972249661,,True,
4yco__3__1.C__1.J,0.6264944347973721,5.142683105370002,,True,
5fog__3__1.D__1.M,1.359634407971674,6.269480221953135,,True,
7n8l__2__1.B__1.J_1.M,0.7426918135288814,3.9835140122760957,,True,
1h3c__1__2.B__2.G,0.3085571743599272,3.8531838278326944,,True,
3b04__1__1.C__1.I_1.J,0.3598251454068284,7.810143499716905,,True,
4gyz__3__1.C__1.O_1.P,0.615574965807576,5.43974866865941,,True,
5oah__1__1.A__1.D_1.E,0.4991212354679126,5.194565814162591,,True,
1q16__1__1.B_1.C__1.N,,,,False,Missing files
3nqf__1__1.A_1.B__1.C,3.791259786312981,5.95922153278582,,True,
6eut__1__1.A__1.C,1.134770827398531,5.494571245654336,,True,
3qez__1__1.A_1.B__1.E,0.3281059338802456,26.713611244891283,,True,
6fxk__1__2.A__2.B,1.2610717507325488,43.10091621106049,,True,
5fuy__1__1.B__1.J_1.K,0.9836698185684135,5.860050692450982,,True,
8b1b__1__1.A__1.C,1.5573941551209123,4.437919571552805,,True,
2gfk__1__1.A__1.C_1.D_1.G,0.2784174114859356,5.5567175639627555,,True,
1r6w__1__1.A__1.B_1.C,0.6661568160405623,4.929025177038798,,True,
8pw1__10__1.J__1.T,1.2204743655543335,7.481923556446973,,True,
6h7e__1__1.A__1.C,1.2326898833703845,6.120281783916935,,True,
3hxu__1__1.A__1.B,0.8113115723485128,3.3666535212496784,,True,
3nqc__1__1.A_1.B__1.C,3.7875805720664357,5.999185151676093,,True,
3maw__1__1.A__1.C,33.08981723875172,43.07707504843996,,True,
6mx3__1__1.A_1.B__1.C_1.D,9.579702650467054,10.204792693233657,,True,
5nmt__1__1.B__1.E,2.7739993495492756,20.04412084005468,,True,
2q3j__1__1.A__1.C,0.47782035855090993,6.855675092875228,,True,
6wqt__1__1.A__1.C,0.5908363371387685,6.135674924932419,,True,
5hcn__1__1.A__1.C_1.D,3.534345808439377,8.360135441056713,,True,
3s1e__1__1.A__1.B,1.054093734858738,32.75578991551941,,True,
7z5u__1__1.A__1.B_1.C,0.6503768108347344,5.369061143163883,,True,
8hx7__1__1.A__1.C,,,,False,Missing files
2r1r__1__1.A__1.G,2.056865992477904,35.065899310298605,,True,
7mfp__1__1.A_1.B__1.I,10.812802216158673,29.900248245805585,,True,
6y88__6__1.F__1.U,0.4924925357975931,6.874161447168601,,True,
7zbv__1__1.A__1.B_1.E,0.41982616156647573,8.936363161264206,,True,
6qpl__1__1.A__1.E_1.F,19.941038845410738,12.719207595412538,,True,
8a1n__1__1.A__1.C,0.643330555139352,5.146285254641726,,True,
1j1m__1__1.A__1.B,0.2551449176572878,30.38522993287879,0.5897233100565187,True,
5a5w__1__1.A__1.B,0.4290695485686224,9.1030430488782,,True,
7e8q__1__1.A_1.C_1.D__1.J,2.688539478758264,45.218477898629764,,True,
3qmr__1__1.A_1.B__1.C,3.8144061577533828,5.999565592796925,,True,
1ia9__1__1.B__1.G,5.147069115767435,8.120735323908034,,True,
5xjd__1__1.A_1.B__1.C,9.115402255001571,17.214584552911326,,True,
3afk__1__1.B__1.D_1.F,1.2456096799162562,3.665922843432469,,True,
2fqw__1__1.A__1.B,0.4923178501181578,2.4594433751947764,,True,
1m4i__1__1.A__1.D,0.5056102650922276,5.681678349988432,0.4067619563329196,True,
3n5j__1__2.A__2.B_2.D,0.3677831711692164,5.362232700097975,,True,
4xp9__1__1.A__1.H,0.3214897272633886,20.165882257133493,,True,
6xoo__1__1.A__1.B,2.7686196530962284,7.26818929328726,,True,
6i1h__2__1.B__1.D,1.010921413471148,4.321740100130609,,True,
1ogp__1__1.A__1.J,,,,False,Missing files
6ujj__1__1.A__1.B,0.7592866637608856,4.6212864097204225,,True,
7rf9__2__1.C_1.D__1.GA,3.7838245320070096,25.93644949500677,,True,
3wf3__2__1.B__1.Q,1.8999900298042611,42.233406996400035,,True,
6t7g__2__1.B__1.L_1.M,1.5959238050441296,3.551552104764498,,True,
5hmy__1__1.A__1.D,1.0958469014951926,6.6876071428719035,,True,
6ex0__1__2.B__2.D,1.0197349417373875,7.248837114927469,,True,
4i4y__2__1.C__1.H_1.O,0.268973703850981,24.535047205685174,,True,
5eq9__1__1.A__1.E,0.5665112083823084,5.28311402313338,,True,
6cin__2__1.D__1.CA_1.DA,,,,False,Missing files
3tny__1__1.A__1.B,,,,False,Missing files
2aph__3__2.B_2.D__2.D_2.H,,,,False,Missing files
1afb__1__1.A__1.D_1.F,7.288222784031837,9.762887374952147,,True,
4z2j__1__1.A__1.B_1.D,1.242410214813062,6.355541854608958,,True,
3p61__1__1.A_1.B__1.D,3.793271288911498,26.96679004386692,,True,
8og9__1__1.A__1.C,0.9495103198395882,25.180125217494368,,True,
8fg8__2__1.B__1.GA_1.Q_1.R,1.3320308567645427,9.834954053731009,,True,
4p3n__1__1.B__1.G,0.5565259684953651,8.022475653348625,,True,
7nag__2__1.B__1.D,0.21129333518408575,7.547605077872168,,True,
1g60__1__1.A__1.D,1.4948443984528241,4.162475500450646,,True,
1w2c__2__1.B__1.H_1.I_1.J,1.4377239860196414,8.407067348943828,,True,
6oa1__1__1.A__1.B,0.6440395842688867,5.071094127682722,,True,
6ddh__1__2.A__2.B,0.7196485931454301,7.2804531860855075,,True,
4aqh__1__1.A__1.D,1.4916327792202728,2.5578221816700784,,True,
8b0e__1__1.A__1.B,1.3879464032815803,6.291327202297115,,True,
1z70__1__1.A__1.B,,,,False,Missing files
8q0u__1__1.A__1.D,1.545201182540435,13.921227310837217,,True,
6r4j__1__1.B__1.G_1.H,16.965933617781715,12.550732833318273,,True,
3nkn__1__1.A__1.D,2.969693021039314,44.84066422993913,,True,
5fbc__1__1.A__1.E,0.45424858061750123,23.643571822016597,,True,
6uux__1__1.A__1.C,,,,False,Missing files
8iw3__1__1.A_1.B__1.F,0.908534541312308,35.49798523709427,,True,
1l1y__3__1.C__1.I,0.46813814710324503,30.49303139349293,0.43580836071411583,True,
4x3m__1__1.A__1.C,0.6159151212660706,5.686628309834442,,True,
1u8v__1__1.A_1.B__1.F,0.5704804529818065,13.083923203010025,,True,
2uue__2__1.D_1.F__1.F_1.J,,,,False,Missing files
4avs__1__1.D__1.R,0.19656530817704795,30.698476704099548,,True,
6apl__3__1.C__1.N,1.1966360026159228,29.712252394196383,,True,
2dwp__1__1.A__1.B_1.D_1.E,1.9455786249189817,8.470153921536262,,True,
8gm5__1__1.A__1.D,,,,False,Missing files
2w08__1__1.D__1.T,0.21188346907485878,29.821802866994087,,True,
3n2v__1__1.A__1.B_1.G,0.15438620215825316,4.249382437435273,,True,
8qhq__2__1.C_1.D__1.O,3.63781584989299,20.767373915930992,,True,
6lel__1__1.A_2.B__1.C,11.53510694690745,5.737005997648845,,True,
2pnc__1__1.B__1.O,,,,False,Missing files
6c0m__1__1.B__1.R,0.7452377981830121,5.286805416317117,,True,
6wia__1__2.A__2.C,,,,False,Missing files
5erv__1__1.A_2.A__1.B_1.C_1.O,1.2712978912921644,6.942762357224168,,True,
4cyi__2__1.C__1.M_1.N,4.718607707394646,9.154341694870888,,True,
8ome__1__1.A_1.D__1.H,6.089966935214073,37.43989401138844,,True,
5o3w__2__1.B__1.F,0.691533255226836,20.861898805871203,,True,
2qcx__1__1.B__1.D,0.8735036605781361,4.9831803718776495,,True,
7d2f__1__1.A__1.C,0.5799093539100869,6.248624285392745,,True,
4jt9__1__1.A__1.C_1.D_1.E,1.611967731186154,4.191540670063932,,True,
4l59__1__1.A_2.A__2.B,1.0409466311175106,6.009132451146059,,True,
2d3n__1__1.A__1.E,0.32253056462925644,37.137608562183175,0.7059623487055081,True,
5hmx__1__1.A__1.D,0.9899966816553502,4.606472745124946,,True,
2w0w__1__3.A__3.B,2.9735127032681405,9.660624191329335,,True,
6lq9__1__1.C__1.J,1.0089084633591023,5.449707188376969,,True,
4np3__1__1.A__1.B_1.D_1.E,0.12596386533593845,6.133253298345558,,True,
4ih7__1__1.A__1.D,0.34361514716815766,5.731830689127474,,True,
6gw4__1__1.A__1.B,0.7473276727108735,9.08227862648259,,True,
6uik__1__1.A__1.C,0.3665632743289718,5.136343448322983,,True,
1lqv__2__1.B__1.J,0.6019198761653366,30.67662251281212,,True,
3b6p__2__1.D__1.N_1.O_1.P,0.826859902427748,4.658883869452813,,True,
5j3z__2__1.B__1.S,0.9106193888014885,6.453047041140519,,True,
7bhx__1__1.A_2.A__1.C_2.C,0.30508622290312293,12.026111233359805,,True,
3q9b__1__1.A_1.I__1.FE_1.IE_1.T,0.4064621824612,29.41569088876949,,True,
2v0n__1__1.A_1.B__1.Q_1.R,10.45745349248583,42.700611064304454,,True,
8i5q__2__1.B__1.D,0.5378194788040511,4.525114554255,2.4641166099125327,True,
5fux__1__1.A__1.C_1.E_1.F,1.5425181927379046,5.739068009827777,,True,
6x9f__1__1.A__1.I,0.5638015482975528,4.800412803763699,,True,
3bkq__1__1.A__1.B,,,,False,Missing files
3qf0__1__1.A_1.B__1.D,5.899350743211648,26.99482480170968,,True,
5vr7__1__1.A_1.B__1.C,25.085840263161302,12.5811317879122,,True,
6r4g__1__1.B__1.F_1.G,16.66308045403627,12.767395980627915,,True,
3nqa__1__1.A_1.B__1.C,3.7843037349834883,5.987406653362311,,True,
3le7__1__1.A__1.C,1.4530008378500259,31.459152737228724,,True,
3wsx__1__1.A__1.C,3.391293661828589,46.76349671028523,,True,
3nqm__1__1.A_1.B__1.C,3.789944314351819,5.952612991596823,,True,
7vf3__2__1.C__1.G,1.08088324520564,22.779483123149593,,True,
8ak6__2__1.B__1.P_1.Q,0.4358571052228645,4.394145453294175,,True,
6f1q__1__1.A_3.A__3.D,,,,False,Missing files
6i6r__2__1.B__1.M,0.8930454227661102,29.775603830221236,,True,
6bo6__1__3.A__3.B,5.15283095062894,8.606762941995921,,True,
4c7w__1__1.B__1.G_1.R,4.926762428419079,36.20775391732905,,True,
5uy8__1__1.A_1.B__1.G,0.4481303115458887,4.673290228570717,,True,
3abi__1__1.B__1.F,0.9924119570399386,10.38441983329309,,True,
2cfm__1__1.A__1.C,2.20196906858913,6.696237933574603,,True,
3ayj__1__1.B__1.H_1.I_1.J,1.614915604587347,13.798012641667738,,True,
1oik__1__2.A__2.C_2.D_2.E,0.9112564485959751,5.393339974307344,,True,
3nq7__1__1.A_1.B__1.D,3.784305645056559,26.675459120586673,,True,
6rms__1__1.A_2.A__2.E_2.F,,,,False,Missing files
5zqx__1__1.A__1.E,0.6189067699468807,4.321720152780299,1.6267145071319011,True,
5u1x__1__1.A_3.A__1.E,1.020375669230048,7.043929966350968,,True,
4ffg__2__1.B__1.F,0.7092310728316722,22.864148088076192,2.348121919365017,True,
2vkh__1__1.A__1.D_1.E,0.8922676259059386,5.714065712807106,,True,
5h4j__1__1.A_2.A__2.B,0.49236030089847327,27.811248102446008,,True,
6b2a__1__1.A_1.B_1.C__1.I_1.L,17.74353782759138,40.75253295219076,1.9269405776012276,True,
4p73__1__1.D__1.F,5.174470355771834,7.611718632280098,,True,
4pd9__1__1.A_2.A__2.D,2.385496925880738,46.85083116049051,0.8741573461314361,True,
6f83__1__1.A__1.C,,,,False,Missing files
3arn__1__1.A_1.C__1.D,0.4830882326654758,5.4796583315020655,,True,
6pia__1__1.A_1.B__1.J_1.L_1.Q,0.32273963454388277,27.661912350804155,,True,
2yc3__1__2.A__2.B,0.7492193965867306,5.743415574038772,,True,
6fxr__1__1.A__1.B,2.024933389813139,42.712012291437745,,True,
3w8o__2__1.B__1.D,,,,False,Missing files
4x3l__1__1.A_1.B__1.C,1.0138606366265275,3.7957091374998693,,True,
3woq__1__1.B__1.D,0.3271425233005821,4.3672412956631375,,True,
2gag__1__1.A_1.B__1.H_1.J,26.45772663261919,28.60443325988744,,True,
4gmc__2__1.B__1.E,0.9091054822317008,7.261685494160262,,True,
5qto__1__1.A_1.B__1.H,3.419125789787476,4.6378523499568205,,True,
4agt__1__1.A__1.J,0.2680617805175533,30.005362905214735,0.4784518050933824,True,
4bcc__1__1.A__1.B_1.F,0.3115742546510884,8.769436797253611,,True,
5bs3__1__1.A_1.B__1.I,1.8602286994381332,15.800307925471886,,True,
5auo__1__1.B_2.B__1.F_1.G,0.8727119371166697,8.714471369916637,,True,
1b5d__1__1.A_1.B__1.D,0.4069307209572821,30.781567251441242,,True,
3nkp__1__1.A__1.D,1.2300186798217312,48.057566060704,,True,
8g9d__1__1.A__1.B,0.2058757223150378,6.05682689533059,,True,
2zz5__1__1.A_1.B__1.C,3.5976394020915476,6.632446001124026,,True,
5bzo__1__1.A__1.B,0.11777570010108189,6.339281319583752,,True,
5df1__2__1.B__1.G_1.H,0.5709821964660109,11.211947735321608,,True,
1e1z__1__2.A__2.B,0.6189724431256699,32.20927118625386,,True,
1tfw__2__1.J__1.M_1.N,1.056264562021058,7.419512510440335,,True,
1ywq__1__1.A_2.A__2.B,0.5265415247883664,5.558903121990652,,True,
1nup__1__1.A_1.B__1.E,0.6618782251770478,11.536982567989384,,True,
5lia__1__1.A__1.D_1.M,1.1320954508783796,7.789100528632486,,True,
5oju__1__2.B__2.K,0.3803295009918341,4.561722624489326,,True,
4c7w__1__1.A__1.M_1.N,8.00455112549373,36.01178124695544,,True,
1gqg__2__1.B__1.Q,2.309383856640179,25.104326718516074,,True,
2i7d__1__1.A__1.C_1.D_1.E,0.4791384302125163,3.9178767298914607,,True,
3w6c__1__1.A__1.E,0.3961224182916117,7.8939664016915145,,True,
2pg2__1__1.B__1.H,1.2053871299889514,6.137509625959865,,True,
4ax7__2__1.B__1.T,0.5348603632861332,28.32006035067218,,True,
7cpr__1__1.F_1.J__1.P,0.8306629684223097,8.155559564448001,,True,
5yea__2__1.B__1.G,0.4814209318487511,6.691478425602449,,True,
3f6k__1__1.A__1.C,2.8481500550853847,21.253865999960706,,True,
2x65__1__1.B__1.J_1.K,1.0059158355031201,3.9445864822880985,,True,
4o3f__1__1.A__1.B,1.2374009214827542,7.228008226757316,,True,
2o7i__1__1.A__1.B,1.3696021463397539,4.761949010190278,0.4900117777504666,True,
1wda__1__2.A__2.J,1.313246706288844,7.609941464558055,,True,
2cvc__1__1.A__1.L,,,,False,Missing files
7u8y__1__1.B__1.G_1.H_1.I_1.J,0.8679745546734103,4.582936919060845,,True,
7eek__1__1.A__1.I,,,,False,Missing files
8sge__1__1.A__1.H,0.8419169734344044,6.121476594298589,,True,
6lfr__1__1.A__1.B,1.461157081045643,4.746918571382211,,True,
4au0__1__1.A__1.F,0.4709167887191535,28.246647718876055,,True,
6jo0__1__1.A__1.B,0.18371459476266422,8.0068485836189,,True,
4zed__1__1.A__1.B,0.3455786305548468,4.820124497496266,,True,
5jgq__2__1.B__1.D,0.341037296883876,5.420347331260239,,True,
6i6x__2__1.B__1.E,0.7079424887388351,31.46248314737615,,True,
3vw2__1__1.A__1.E,0.6528518041109181,5.1008190843040095,,True,
6hto__1__1.B__1.O_1.P_1.Q,,,,False,Missing files
2zgz__1__1.A__1.C_1.E,2.4140906815918646,8.415552295415614,,True,
1w19__1__2.A_2.E__2.EA,3.81296171723655,23.19934614571326,,True,
5o22__1__1.A__1.E,,,,False,Missing files
4jp4__1__1.A_1.B__1.I_1.N,3.521486697798113,36.04833437811116,,True,
5kgp__1__1.B__1.D_1.L,0.39831163621824095,5.382539169630697,2.4539352590598034,True,
6tvn__4__1.D__1.L,3.764490876621603,3.7349617106471102,,True,
6cip__2__1.D__1.CA_1.DA,,,,False,Missing files
5kv8__1__1.B__1.S,0.5604195553528348,5.117708876117287,,True,
6tez__1__1.A__1.C_1.I,2.022220278581817,6.6173443014591635,,True,
2c92__1__1.B_1.C__1.J,0.27073602090990245,8.434683206090005,,True,
6x5t__2__1.D__1.Q,0.5659111506380831,6.4142985566288875,,True,
3wgx__1__1.A__1.C,1.119498335685273,6.039596413358263,,True,
7qu9__2__1.B__1.G,2.565587437200988,3.525854988509878,,True,
6mcj__1__1.A__1.C,1.4429221815606645,31.176301431971417,,True,
7crz__1__1.A__1.B_1.C,0.7627754675840275,25.091802296072714,,True,
5v3x__1__1.A__1.C,0.6403616403252524,4.1629693095276314,,True,
3phe__1__1.A__1.E,0.41084946616369505,6.807175207733416,,True,
5m8m__3__1.C__1.Q,0.6441457526755486,25.58580180223427,,True,
4n7e__1__1.A__1.E,2.573292930395775,6.070167548077988,,True,
1nfs__1__1.A__1.D_1.E,0.3334508767441562,5.83157537879529,,True,
5ost__1__1.A__1.P,0.5308288524978741,3.3079597794022315,,True,
4fx8__1__1.A_1.B__1.C,5.991550345537982,6.023457272688924,,True,
4cdc__1__1.G_1.H_1.I__1.X,15.554454183761393,19.69346275294772,,True,
5ufi__3__1.C__1.G,0.5012857603734472,9.58628255369454,,True,
4mwf__1__1.D__1.I,4.892519877321389,12.278441212591746,,True,
3wsy__1__1.A__1.F,4.276397283400952,49.03296451526259,,True,
5n2v__2__1.E_1.F__1.K_1.L_1.M_1.N,8.759585979508856,24.914747157650527,,True,
6hso__1__1.A_2.A__1.L_1.M_1.N,1.1665197640926979,6.909614361163727,,True,
6a8p__3__1.C__1.F,1.9610447561097795,7.3286711435720076,,True,
4ay9__3__1.A__1.K,1.5583999694550819,13.784770933844763,,True,
4yzl__1__1.A__1.B_1.C,1.3262299878856791,4.176565062671392,,True,
4tsq__3__1.C__1.U,0.3161739289481715,12.510425579584945,,True,
3lts__1__1.A_1.B__1.C,3.789901888139456,6.011934901623906,,True,
7ygg__2__1.D__1.I,,,,False,Missing files
7cbb__1__1.A__1.C,0.9847560792950523,7.092042646485232,,True,
7plr__3__1.C__1.O_1.P_1.Q_1.R,0.36803521891967117,3.1489895193444477,,True,
5svl__2__3.B__3.T,2.245648394137937,70.13459032131922,,True,
6cq8__1__1.A__1.H,14.963687863304266,10.609033018612017,,True,
6ms8__1__1.A__1.I,0.5506007537032795,5.771630988724072,,True,
3g1v__1__1.A_1.B__1.C,0.25703949341495363,5.070288903952659,,True,
5v3y__1__1.A__1.C,1.4818552887786778,6.266677304971339,,True,
7kcy__1__1.A__1.B,0.8301325983016451,4.355600151337739,,True,
6oa3__1__1.A__1.B,0.5759891951012309,5.809233795472045,,True,
5eno__1__1.C__1.G,2.047989036354796,6.520611940184967,,True,
6fhy__1__1.A__1.C,0.7384716948775042,34.955736199091845,0.7195718706475278,True,
5tw8__2__1.B__1.G,0.3746835369408294,8.592138869398331,,True,
5k5m__1__1.A__1.D,3.9544461226386804,7.654070878396356,,True,
3k43__1__1.B__1.G,2.2638280515764384,22.886221621222546,,True,
1wk9__1__1.A__1.B,0.31051562258685833,3.19034413953521,,True,
4gnv__1__1.B__1.G,0.9202534473136035,3.995255565959871,,True,
1yk0__1__1.B__1.D,1.5172488972108513,28.330779560898325,,True,
6wv7__1__1.A__1.C,0.8227037686954402,6.632602713616026,,True,
7k4i__1__1.B__1.J_1.K_1.L,,,,False,Failed to extract protein or ligand from predicted complex
3bos__1__1.A_1.B__1.M_1.P_1.U,8.29361579466107,29.56594593877896,,True,
7u0r__1__1.B__1.I_1.J_1.K_1.L,1.6958286122926591,5.766004818315599,,True,
1xuo__1__1.A__1.D,1.0645748027761635,5.23899936376213,,True,
5e64__1__1.A_1.B_2.B__2.H,29.44278263651368,55.04547474526014,,True,
2wzi__1__1.A__1.F,4.239600129608257,4.422184653087204,,True,
2ybe__1__1.A__1.B_1.D_1.E_1.F,0.7668201472147537,4.263449489469678,,True,
2j07__1__1.A__1.C,0.6340430063543471,5.975223569650569,,True,
8fvb__1__1.B_2.A_2.B__2.E,2.2045341424475526,27.35280453175531,,True,
5ebb__2__1.B__1.N,0.5178639064548889,23.935480800462013,,True,
6zbn__1__1.A__1.G_1.H,1.1686833560985341,6.703316575708374,,True,
3ju4__1__1.A_2.A_3.A__1.B,10.97273549744218,63.98606082692653,,True,
7vbt__1__1.B__1.D,1.2372396169923923,7.302304767205891,,True,
6bjo__1__1.B__1.D,0.5861527992973486,5.600256875358486,,True,
7c1y__1__1.A_1.B__1.D,8.8919843555215,3.485601350767266,,True,
8one__1__1.A__1.F_1.K,1.1882852482407804,6.279085604099622,,True,
8oo5__1__1.A__1.B_1.D_1.E,0.7619012902752286,6.9925408054067,,True,
5zqs__1__1.B__1.D,1.1391134960911709,4.434657461227537,1.7914094329031258,True,
5wgt__2__1.A_2.A__1.O,1.0182529493732813,26.649732528984227,,True,
5c9m__3__1.C__1.K,,,,False,Missing files
7rgz__1__1.A__1.D,0.13867757942868753,5.478917019410701,,True,
2bxa__1__1.A__1.D,0.8711319263788849,5.720568854477982,,True,
5t64__1__1.B__1.M,1.1696588997093267,5.593801650211129,,True,
2wcx__1__1.A__1.D,0.7640518471232869,6.441373061441688,,True,
4cdf__1__1.A_1.B_1.C__1.I,15.6953677817692,22.066940480388304,,True,
5bzp__1__1.A__1.B,0.13087775439101298,5.964199446008216,,True,
7w81__1__1.A_1.B__1.C_1.D,,,,False,Missing files
5bys__1__1.A__1.C_1.H,,,,False,Missing files
1pwu__2__1.B__1.E_1.F,1.981084888903625,6.325166908187372,,True,
5h42__1__1.A__1.C,0.6156688355916056,4.241985435058682,,True,
4og7__1__1.A__1.C,1.528385745758924,4.9022678154960575,,True,
3bf3__1__1.A_1.B__1.H,0.39718946272483135,3.051866338471385,,True,
6hph__1__1.A__1.B_1.C,0.7598048809275502,9.009668793651093,,True,
5j1x__1__1.A__1.E,0.5708524080334082,3.9714569537215376,,True,
2qts__1__1.A__1.J,4.256806603343724,41.882951492326455,,True,
4zwc__1__1.A__1.C,0.7781019423410126,4.9811009171624425,0.9621593263572155,True,
5yij__1__1.A_1.C__1.E,17.080333060929835,39.82817804898139,,True,
3bk2__1__2.A__2.E,4.41606608576089,5.303901359197325,,True,
1lor__1__1.A_2.A__1.B,0.22761447350795003,5.96130832379635,,True,
6yh0__1__1.A__1.D,,,,False,Missing files
4cmm__1__1.B__1.C,,,,False,Missing files
3b5i__1__1.B__1.E,1.429661658773226,8.714287842675384,,True,
3lu8__1__1.A__1.C,0.9144495001241951,5.5665781227595925,,True,
3was__1__2.A_3.A__2.C_2.E,0.5199859927094536,4.302723692893991,0.5136499929830115,True,
5bzb__1__1.C_1.D__1.O,0.4953220868406922,6.433494931247294,,True,
3nqg__1__1.A_1.B__1.E,3.7895384148246958,26.836018006335507,,True,
5dw6__1__1.B__1.L,0.7023243510707659,10.775312103581193,,True,
6i1g__2__1.B__1.D,0.683052707278453,6.239988592582165,,True,
6u5y__2__1.B__1.D,0.4357086834583616,5.778467501942016,,True,
8ez1__1__1.A_1.B__1.E,0.3467450987885754,23.01709647578114,,True,
3ca5__2__2.A__2.D,0.47484016474882296,27.205026720252324,,True,
6tn2__1__1.A__1.B,1.3258105915149205,7.298416006778458,,True,
6lft__1__1.A__1.B_1.C,1.4753369512328693,4.744446646928971,,True,
4wy0__1__1.F_1.K__1.DA,3.72216479353601,42.03357498853064,,True,
8b1h__1__1.A__1.C,1.7941532333829284,5.153990439284427,,True,
6r4y__1__1.A_1.D__1.D_1.E,0.7106457584214114,30.626632677463675,,True,
3n15__1__1.A__1.B,0.47405835496006493,6.253130739132971,,True,
7t9z__2__1.B__1.E,0.317453343709979,4.218785327871836,,True,
5uz0__1__1.A_1.B__1.F,0.501146458673133,4.658076640924586,,True,
3tz3__1__1.A_2.A__1.D,2.9609288201584607,46.90860796010685,,True,
6b24__1__1.A_1.B_1.C__1.H,17.863547454979898,41.78483496323937,2.692509721643942,True,
4pda__1__2.A_3.A__3.D,2.3888672591745106,47.208317805038504,0.7951041972863119,True,
5aog__1__1.A__1.D_1.G_1.H,,,,False,Missing files
3lv5__1__1.A_1.B__1.C,3.7864341630816547,6.029512881349839,,True,
5npp__1__1.B__1.O,2.1277192978222765,29.036086330192642,,True,
6fl8__2__1.B__1.J_1.K_1.L,1.233419991827485,7.272186428822872,,True,
3e08__1__1.A_1.B_1.D__1.R,0.8966403225431218,19.253568622569688,,True,
3w6f__1__1.A__1.E,0.3410087808126253,8.031315167002484,,True,
1ofd__1__1.A__1.C_1.E,,,,False,Missing files
1n2k__1__2.A__2.B,,,,False,Missing files
1s2g__1__1.A_2.C__1.D,6.619618707520541,5.008308160003291,,True,
6b63__1__1.A_1.B__1.D_1.E_1.F_1.I_1.L,0.28036240356149017,5.305508464542616,,True,
3zds__1__1.A_1.B__1.M_1.N,4.030393113504813,4.866925618909744,,True,
5etl__1__1.A__1.J,1.5798951539321937,4.11763463786582,,True,
5hmz__1__1.A__1.D,0.8611387620357339,7.419345993360868,,True,
7uxs__1__1.A_1.B__1.C_1.F,7.086790822939103,19.00837790198236,,True,
6el3__3__1.A__1.G,,,,False,Missing files
7y4o__1__1.B__1.D,1.227540368946739,44.05185401455069,,True,
7vzn__1__1.A_1.B__1.S_1.T_1.U,6.240707143174244,18.981578338499364,,True,
4pkr__1__1.A__1.B_1.C_1.E,1.9594508757120566,4.398012644138259,,True,
6apw__1__1.A__1.B,0.3342676876909698,7.63628738842513,,True,
6dte__1__1.A__1.C,0.44043521496223903,5.296428891715625,,True,
5xmp__1__1.A_1.B__1.G_1.H,0.339707938007943,38.567347280673786,,True,
3lhw__1__1.A_1.B__1.C,3.8048449229273134,6.014524861986567,,True,
5vro__1__1.A_1.B__1.C,25.251472930009758,25.53098374272153,,True,
3wqy__1__1.A__1.D,8.451761051532262,5.0035532425538785,,True,
5lrr__1__1.B__1.L,1.2446959427052458,4.915186901583704,,True,
1tcb__1__1.A__1.C,0.8934986600917915,6.186778181764492,,True,
8k5y__1__1.A__1.H,0.7670141785969512,19.45194965906833,,True,
5fli__2__1.F__1.W_1.X,0.5200564032286893,5.1044991564928655,,True,
4l1r__2__1.B_3.B__1.K,7.940713965456423,59.9429723121604,,True,
2wbv__2__1.C_1.F__1.R,4.083894205614765,41.625666833611895,,True,
6lil__1__1.B__1.K,1.3639665143707047,5.970590682640172,,True,
4dhl__2__1.B_1.D__1.V_1.W_1.X,3.7944727025258493,4.215425347696244,,True,
6bto__1__1.A__1.D_1.F,0.35649503091218615,2.8320234155212423,,True,
4fxr__1__1.A_1.B__1.C,0.6142424416943362,6.005725447437636,,True,
2iut__1__1.A_1.B__1.E_1.F,0.8790105956658376,20.26356100720955,,True,
4c49__3__1.C__1.G,9.793345835382418,3.8009678818487997,,True,
4j6w__1__1.C_1.E__1.W,3.860901566561018,24.783548443668334,,True,
6bl0__1__1.A__1.G,3.20567121923015,23.5108595955969,,True,
4efe__1__1.A__1.E,0.4460777852243595,5.501477999711017,,True,
6i34__1__1.B__1.L,0.606373658471588,4.092989605247815,,True,
4rvh__1__1.A__1.D,,,,False,Missing files
5f5x__1__1.A__1.C,0.3123368767196523,7.0490799503567665,,True,
5ohf__3__1.E_1.F__1.T_1.U,,,,False,Missing files
3w54__1__1.A__1.E_1.F_1.G_1.H,12.208445347330285,1.999219568527133,,True,
7khx__1__1.B__1.E,1.4589143992903688,19.191226002674092,,True,
5jqw__1__1.A__1.B,0.588124085000402,7.252951933038228,,True,
3g1h__1__1.A_1.B__1.O,10.784810351980045,27.010232224332707,,True,
3hhe__1__1.A__1.C,0.3963570658278072,3.690403899304249,,True,
1v4s__1__1.A__1.D,0.4066496921402103,7.524863703749058,,True,
3h65__1__2.A__2.B_2.C_2.D_2.E_2.F,1.113384081265513,3.5545709474249887,,True,
5vwo__1__1.A_1.B__1.D,0.3504025566575663,6.266947746145381,,True,
7nah__2__1.B__1.D,0.19535674698168679,7.242471228470113,,True,
3a3k__1__1.A__1.C,0.8758978381351289,21.514353355741704,,True,
3plf__2__1.D__1.C,0.30628970666540045,8.482148029891956,,True,
1uj5__2__2.A__2.B,0.6609518654451574,3.833517847505455,,True,
8iw6__1__1.A_1.B__1.F,1.031392679406435,35.67294218431667,,True,
7a0c__2__1.B__1.T_1.U,0.5551525386815009,4.910488861610421,,True,
3ikg__1__1.A__1.C,0.2763615423362209,6.292569882747371,,True,
7x11__1__1.D__1.P,1.3578841368586874,8.74604995316373,,True,
4kql__1__3.A__3.L,2.005411414689115,5.311294730405696,,True,
1us1__1__1.B__1.D,,,,False,Missing files
7ac8__3__1.E__1.K,4.080473454848453,9.423267546703572,,True,
5yjo__1__1.A__1.E_1.F,0.22512824749648072,15.82283329745442,,True,
7rbw__2__1.B__1.D,7.416330611565628,7.40674198531154,,True,
1dp4__2__1.A__1.C,0.7281922268195958,20.805062320502675,,True,
6xuq__1__2.A__2.B_2.C_2.E,0.5901862653664319,8.04179189509739,,True,
4p10__1__1.A__1.B_1.C_1.D,0.5425191184333917,4.047844817989731,,True,
4qnu__6__1.F__1.T,0.7237116383093894,6.459776157809185,,True,
1h79__1__1.A_2.A__2.B_2.C,0.8220385891185907,21.516810973611726,,True,
5svf__2__1.C__1.L,2.7928112828142373,4.3351365904086565,,True,
5o3w__4__1.D__1.H,1.609388565641201,18.76253894786582,,True,
2goo__1__1.C__1.H,0.6153328264167628,3.8068115909949274,,True,
5slg__1__1.A__1.G,1.3234524977921256,4.448994565879152,,True,
8t5k__1__1.A_2.A__1.B_2.B,0.9025794175625723,7.6065852199193005,,True,
5o0t__1__1.A__1.F,,,,False,Missing files
6aqn__1__1.A__1.B,0.7737581684328989,2.6681114712614478,,True,
3c9z__1__1.A__1.D,0.4746104210206649,27.32749892316738,,True,
4gmd__2__1.D__1.O,2.679649756493157,5.2169953245222445,,True,
6gid__1__1.A__1.C,0.39325710863106633,44.33053192612127,,True,
4agi__1__1.C__1.W,,,,False,Missing files
8uuf__1__1.A__1.B,0.6267335974712791,7.731308017944528,,True,
1ci0__1__1.A_1.B__1.D,3.8165210328882146,24.234632551963927,,True,
5h47__10__1.J__1.PB,0.32043938649406095,3.262162885147026,0.8112661425259035,True,
6kx8__2__1.B__1.D,1.0233697049697523,5.348683714766284,,True,
5df5__2__1.B__1.G,,,,False,Missing files
2yqs__1__1.A__1.B_1.D,1.340970104677369,4.92943733705988,,True,
3i27__2__1.C_1.D__1.L,8.834248646498125,56.237463355082845,,True,
5us1__4__1.G__1.X,0.732380189956787,6.593363798703878,,True,
5bzt__1__1.A__1.D,0.14289459662965162,5.324954102827762,,True,
6au0__1__1.A__1.B,1.135356680731942,3.6242314917939655,,True,
3qms__1__1.A_1.B__1.C,3.7792368082392382,5.960091355881598,,True,
5enr__1__1.C__1.G,1.63665069243957,8.128830355096879,,True,
1rlz__1__1.A_2.A_3.A_4.A__2.B_3.B,1.3365241362538924,30.96620703239552,,True,
7s2r__1__1.A__1.C,1.203967690985875,32.59588344508727,,True,
5dw5__1__1.B__1.K,0.6136374506864286,10.844499508333707,,True,
3wjw__1__1.A_2.A__2.B,0.33358199296239277,26.64427504513698,,True,
3l4x__1__1.A__1.C,0.4302511509966689,5.815265034439036,,True,
4zr5__1__1.A__1.I,0.6483172854005553,37.82991342306282,,True,
5eat__1__1.A__1.B_1.C_1.D_1.E,0.4011803250860148,3.759971364452129,,True,
4lfe__1__1.B__1.F_1.G_1.H_1.I_1.J,0.5399167056604791,8.190162398485846,,True,
8tjc__1__1.B__1.N,4.134781296885657,17.578888228144187,,True,
4v59__1__1.E__1.Q,,,,False,Missing files
6wo4__1__1.B__1.E,3.4924394820348708,31.841650811212887,,True,
1qk2__1__1.A__1.E,0.49996241392994,24.153987833378572,,True,
3wno__2__1.B__1.DA_1.G,1.0220315739340404,31.868006795095013,3.541434873032434,True,
3sj3__1__1.A_1.B__1.C,5.918148872358878,6.009390687839401,,True,
4gip__1__1.A_1.B__1.G,29.267215721070865,71.92744356871523,,True,
1rwn__1__2.A_2.B__2.C,15.649354704470312,34.73497731391772,,True,
4mmd__1__1.A__1.D_1.E,0.6332022313016125,3.991704084007946,,True,
7zm0__1__1.A__1.K,1.6520799377521826,8.237324691222309,,True,
3vlw__1__1.A__1.C_1.I,1.543362630699205,5.010855677546501,,True,
5oo2__1__2.B__2.P,0.46365614460826493,4.080897480640749,,True,
3b1d__1__1.A_1.B__1.G_1.K,0.4840997521022096,30.112191793781047,,True,
1g77__1__1.A_2.A__2.D_2.E,0.6708632258231415,24.496604792481595,,True,
4mws__1__1.A_1.B__1.G,0.8635792304096273,39.09522750740446,,True,
6dft__2__1.E_1.F_1.G_1.H__1.T_1.U,17.759410092391676,36.45411136537089,,True,
2hmv__1__4.A_4.B__4.C,3.880675174716236,8.74113439099763,,True,
4pht__1__1.A_1.B__1.H_1.I,27.922188471486596,11.465021848663115,,True,
6i6x__1__1.A__1.G,0.7850703151390175,30.324153056645407,,True,
3thq__1__1.A_1.B__1.C,3.792887940258634,4.0081682081152055,,True,
1lhv__1__2.A__2.D,0.6064565887154885,5.990022508341248,,True,
4iu4__1__3.A__3.B_3.C_3.F,,,,False,Failed to extract protein or ligand from predicted complex
2dey__1__2.A__2.B_2.H,1.485160800211141,3.6285369951821362,,True,
6x82__2__1.D_1.E_1.F__1.H,5.29775433235028,7.959464401444178,,True,
8bzx__1__1.A_1.B__1.C_1.D,20.573062214315826,6.489538873122591,,True,
1xwd__1__1.A__1.J,2.899288077300585,14.258777728748601,,True,
3vws__1__1.A__1.D_1.E,2.3517556940859143,14.669768674797954,,True,
4usc__1__1.B__1.V,,,,False,Missing files
1isf__1__1.B__1.D,1.1483530570007927,15.422216222524108,,True,
7qox__1__1.A__1.D,0.47842873551004467,8.64063521000416,,True,
4my6__2__1.B__1.F,0.42187895016659277,3.792823947381862,,True,
2v91__1__1.A__1.C,0.2962670856818318,4.140933612852618,,True,
5bzn__1__1.A__1.C,0.16000668050352607,4.757704450257498,,True,
4mme__1__1.A__1.E,0.6538602144659873,2.642891462111147,,True,
5o1j__1__1.A__1.B_1.D,1.6747873817369285,6.186826786445228,,True,
4ixd__2__1.A_2.A__1.C,0.3492824792002972,7.839617074533201,,True,
1s4m__2__1.B__1.E,1.1585359104507877,4.792807865553459,,True,
4rus__2__1.C__1.V,0.4055606431969618,4.494888868407467,,True,
4m1j__1__1.A_1.B__1.C,25.541591134780095,13.724404296862943,1.047662003484487,True,
7kid__1__1.A__1.G,0.5329163706656936,9.686014643966983,,True,
2vxk__1__1.A_2.A__1.B,0.2933645082988894,4.889349602048582,,True,
5l58__1__1.A_2.A__1.C_2.C,2.7195711468941095,8.392618535802754,,True,
