system_name,avg_time,run_count,std_time,name_length
1afb__1__1.A__1.D_1.F,29.715000000000003,2,38.00698948877693,21
1b5d__1__1.A_1.B__1.D,32.57,2,42.04456920935211,21
1bcj__1__1.B__1.I_1.K,59.665,2,80.3485435462274,21
1ci0__1__1.A_1.B__1.D,71.33500000000001,2,96.96555290411126,21
1d7c__1__1.A_1.B__1.E_1.K,2.8,2,0.04242640687119305,25
1d7d__1__1.A_1.B__1.E_1.L,2.8600000000000003,2,0.01414213562373112,25
1dku__2__1.B_3.A_3.B__3.E,37.919999999999995,2,49.59646963242444,25
1dp4__2__1.A__1.C,45.435,2,60.23842668928198,17
1dvr__1__1.A_1.B__1.C,58.475,2,78.65148727137968,21
1e1z__1__2.A__2.B,51.105,2,68.27115972356117,17
1esw__1__1.A__1.B_1.D,137.065,2,189.7945311382812,21
1fj4__1__1.B__1.F,48.435,2,64.48106737640127,17
1g4s__2__1.B__1.F_1.G_1.H,54.29,2,72.7895720553432,25
1g4t__2__1.B__1.F_1.G_1.H,60.195,2,81.09807673428514,25
1g60__1__1.A__1.D,72.63000000000001,2,98.71210665364204,17
1g77__1__1.A_2.A__2.D_2.E,51.43,2,68.73077913133243,25
1gm9__1__1.A_1.B__1.M_1.O,57.765,2,77.66153777771852,25
1gqg__2__1.B__1.Q,68.22500000000001,2,92.46835377576483,17
1gtk__1__1.A__1.B,72.66,2,98.76867519613697,17
1gzf__3__1.C__1.I_1.J,40.445,2,53.18150101304024,21
1h1i__1__1.A_1.C__1.E,66.61,2,90.17025673690854,21
1h33__1__1.A__1.D,2.935,2,0.06363961030678918,17
1h36__1__2.B__2.G,107.875,2,148.5702057951055,17
1h3c__1__2.B__2.G,68.98,2,93.5360850153565,17
1h79__1__1.A_2.A__2.B_2.C,100.115,2,137.59590855109028,25
1h7a__1__1.A_2.A__2.B_2.D,96.81,2,132.89364845619974,25
1h8v__1__1.A__1.G,2.8499999999999996,2,0.014142135623730807,17
1ia9__1__1.B__1.G,60.11,2,80.99201071710715,17
1isf__1__1.B__1.D,33.855,2,43.84769150137781,17
1isi__1__1.A__1.C,33.72,2,43.67091480608117,17
1itc__1__1.A__1.D,89.845,2,123.0295088586474,17
1j1m__1__1.A__1.B,47.34,2,62.932503525602726,17
1jcl__1__1.A__1.C,54.99,2,73.75123727775691,17
1jep__5__1.A_2.A__1.E_1.F,30.445,2,39.02522325368556,25
1js4__1__1.A__1.C,96.23,2,132.07340459002336,17
1juh__2__1.B_2.D__2.H,73.445,2,99.83640643572865,21
1juh__2__1.B__1.GA_1.X,73.12,2,99.39092916358112,22
1ka1__1__1.A__1.B_1.C_1.D,72.78,2,98.91009655237426,25
1kv3__2__1.B_1.F__1.L,70.36999999999999,2,95.53012613830256,21
1l1y__3__1.C__1.I,156.09,2,216.68580202680562,17
1l2a__1__1.A__1.G,63.285,2,85.49628091326545,17
1l4u__1__1.A__1.C_1.J,30.125,2,38.57267491372617,21
1l4y__1__1.A__1.B_1.H,61.019999999999996,2,82.26480292324294,21
1lhu__1__2.A__2.C,56.24,2,75.53314636634701,17
1lhv__1__2.A__2.D,203.43,2,283.6629563407954,17
1lor__1__1.A_2.A__1.B,52.855,2,70.71774918646662,21
1los__1__1.A_1.B__1.E,50.025,2,66.72966694057449,21
1lqv__2__1.B__1.J,28.775,2,36.5786337907801,17
1m4i__1__1.A__1.D,31.44,2,40.43236574824679,17
1n2k__1__2.A__2.B,2.9,2,0.0,17
1nfs__1__1.A__1.D_1.E,82.69,2,112.92495295549163,21
1nme__2__3.A_4.A_4.B__4.C_4.D,25.025,2,31.402612152494573,29
1nup__1__1.A_1.B__1.E,59.754999999999995,2,80.51824917371216,21
1nx9__1__1.A__1.E,134.555,2,186.2589972323485,17
1o94__1__1.C__1.M,51.334999999999994,2,68.5681445716595,17
1oa2__3__1.C__1.I,2.86,2,0.0,17
1ogp__1__1.A__1.J,3.16,2,0.028284271247461926,17
1oik__1__2.A__2.C_2.D_2.E,75.415,2,102.63654928922737,25
1omz__2__1.A__1.C_1.D,65.14,2,88.0913628002201,21
1on6__1__1.A__1.C_1.D,64.895,2,87.75902261306241,21
1pj6__1__2.A__2.C,227.825,2,318.219264737382,17
1pwu__2__1.B__1.E_1.F,126.28500000000001,2,174.59173534277045,21
1q16__1__1.B_1.C__1.N,2.8449999999999998,2,0.021213203435596132,21
1q91__1__1.A__1.B_1.C_1.D,30.955,2,39.887893526733144,25
1q92__1__1.A__1.C,30.220000000000002,2,38.70702520215161,17
1qk0__1__1.A__1.E,40.349999999999994,2,53.03300858899106,17
1qk2__1__1.A__1.E,83.685,2,114.31795331442915,17
1qmg__2__1.D__1.R,108.015,2,148.73991142259027,17
1qnf__1__1.A__1.C,105.63,2,145.3528699407067,17
1qwu__1__1.A__1.C_1.D,252.01999999999998,2,352.3937354721278,21
1r34__1__1.A__1.C_1.D,163.45499999999998,2,227.15805345617838,21
1r6w__1__1.A__1.B_1.C,76.2,2,103.77499120693773,21
1rlz__1__1.A_2.A_3.A_4.A__2.B_3.B,66.245,2,89.68235305788983,33
1rwn__1__2.A_2.B__2.C,24.950000000000003,2,31.268261864069135,21
1rwo__1__2.A_2.B__2.C,25.405,2,31.855160492453965,21
1s2g__1__1.A_2.C__1.D,27.94,2,35.52504468681215,21
1s4m__2__1.B__1.E,54.38,2,72.88856700470933,17
1siw__1__1.B_1.C__1.L,2.84,2,0.014142135623730807,21
1tcb__1__1.A__1.C,37.504999999999995,2,49.00957100403961,17
1tcc__1__1.A__1.C,37.419999999999995,2,48.88936285123789,17
1tfw__2__1.J__1.M_1.N,47.32,2,62.90421925435527,21
1thz__1__1.A_1.B__1.D,62.4,2,84.23055977494154,21
1u8v__1__1.A_1.B__1.F,55.235,2,74.09771960053831,21
1ua3__1__1.A__1.B,159.645,2,221.7274733766657,17
1ub3__1__1.C__1.G,46.205,2,61.31322899668554,17
1uhe__1__2.A_2.B_4.A_4.B__4.C,24.799999999999997,2,31.056129829713164,29
1uj5__2__2.A__2.B,53.73,2,71.94104391791934,17
1uoo__1__1.A__1.B,83.04,2,113.41992770232223,17
1us1__1__1.B__1.D,3.135,2,0.049497474683058366,17
1v3c__1__1.B__1.J,43.404999999999994,2,57.353431022040866,17
1v3e__1__1.B__1.I,43.11,2,56.95038015676453,17
1v4s__1__1.A__1.D,49.055,2,65.35787978507258,17
1vhn__1__1.A__1.B_1.E,68.125,2,92.34107455515124,21
1w19__1__2.A_2.E__2.EA,29.189999999999998,2,37.264527368531056,22
1w19__1__2.C_2.D__2.T,28.97,2,36.92511611356151,21
1w2c__2__1.B__1.H_1.I_1.J,49.23,2,65.61950929411161,25
1w2x__1__1.A_2.A__2.D,75.22,2,102.36077764456462,21
1wda__1__2.A__2.J,102.86,2,141.44964050855697,17
1wk9__1__1.A__1.B,73.69000000000001,2,100.21117302975753,17
1wop__1__1.A__1.B,81.59,2,111.42588657937615,17
1wxy__1__1.A__1.C,41.245000000000005,2,54.312871862938714,17
1x1i__1__1.A__1.B,126.72500000000001,2,175.21398931021463,17
1xpg__2__1.B__1.K,151.06,2,209.62887635056387,17
1xr2__1__1.A__1.D,135.03500000000003,2,186.9378197422876,17
1xuo__1__1.A__1.D,56.795,2,76.30389275784034,17
1xwd__1__1.A__1.J,39.985,2,52.54510490997235,17
1yk0__1__1.B__1.D,44.0,2,58.20903022727659,17
1yk1__1__1.B__1.D,43.105000000000004,2,57.01401976707133,17
1ywq__1__1.A_2.A__2.B,31.939999999999998,2,41.16775680068079,21
1z2i__1__1.A_1.B__1.E,85.28,2,116.55948181079049,21
1z70__1__1.A__1.B,2.9800000000000004,2,0.01414213562373112,17
1z82__1__1.A_1.B__1.C_1.J,69.285,2,93.99570442312776,25
1z82__1__1.A_1.B__1.D_1.I,40.505,2,53.28049596240636,25
1zed__1__2.A__2.C,51.065,2,68.18630690981878,17
1zef__1__2.A__2.D,2.9050000000000002,2,0.007071067811865795,17
1zxv__1__1.A__1.C_1.D,101.575,2,139.63237608090753,21
2ada__1__1.A__1.B_1.C,79.47,2,108.35704314902655,21
2aph__3__2.B_2.D__2.D_2.H,2.81,2,0.028284271247461926,25
2bif__1__1.A__1.F_1.H,98.955,2,135.92713654749002,21
2bii__1__2.A__2.I,3.1500000000000004,2,0.07071067811865465,17
2bs2__1__1.C_1.E_1.F__1.V_1.W,2.91,2,0.042426406871192736,29
2bs3__1__1.C_1.E_1.F__1.V_1.W,2.9450000000000003,2,0.03535533905932741,29
2bxa__1__1.A__1.D,55.43,2,74.34520697395361,17
2c92__1__1.B_1.C__1.J,44.63,2,59.071700500324184,21
2c94__1__1.A_1.E__1.X,42.52,2,56.11599415496442,21
2cc7__1__1.A_2.A_4.A_8.A__1.H_8.H,23.475,2,29.168154723945086,33
2ccc__1__4.A_5.A_6.A_9.A__4.F_9.F,23.490000000000002,2,29.2883628767468,33
2cfm__1__1.A__1.C,59.434999999999995,2,80.02327442688158,17
2cix__1__1.A__1.E_1.F_1.S,2.8499999999999996,2,0.01414213562373112,25
2cvc__1__1.A__1.L,3.2,2,0.01414213562373112,17
2d3n__1__1.A__1.E,153.605,2,213.2280498668034,17
2dew__1__2.A__2.B_2.H,64.60000000000001,2,87.35597174778609,21
2dey__1__2.A__2.B_2.H,63.92,2,86.42259079661984,21
2dwp__1__1.A__1.B_1.D_1.E,86.14999999999999,2,117.80398974567882,25
2e82__1__1.B__1.G_1.H,44.56,2,58.97270555095807,21
2fqw__1__1.A__1.B,66.14,2,89.49143422696945,17
2gag__1__1.A_1.B__1.H_1.J,45.845,2,60.83239638547868,25
2gah__1__1.A_1.B__1.G,45.665,2,60.59198007987526,21
2gfj__1__1.A__1.C_1.D_1.I,35.935,2,46.803397846737575,25
2gfk__1__1.A__1.C_1.D_1.G,35.589999999999996,2,46.287209896471396,25
2goo__1__1.C__1.H,38.11,2,49.90759661614653,17
2hmv__1__4.A_4.B__4.C,27.875,2,35.40483653401043,21
2hmw__1__4.A_4.B__4.D,28.255,2,35.99880623020714,21
2hxd__1__1.A_3.A__1.B_1.C,60.64,2,81.75568604078863,25
2i7d__1__1.A__1.C_1.D_1.E,46.584999999999994,2,61.8506301503873,25
2ica__1__1.A__1.B,31.505000000000003,2,40.53843176542477,17
2iut__1__1.A_1.B__1.E_1.F,47.36,2,62.94664566122646,25
2j07__1__1.A__1.C,88.17,2,120.64655900604873,17
2j0y__1__1.C__1.H,61.879999999999995,2,83.4810265868838,17
2jbs__1__1.A_1.D__1.H,115.74,2,159.6505690562987,21
2nw8__1__1.A_1.B_2.A__2.D,68.71000000000001,2,93.19667376038697,25
2o6p__1__1.A__1.F,2.91,2,0.01414213562373112,17
2o7i__1__1.A__1.B,57.57,2,77.3999082686795,17
2oz2__1__2.A_2.B__2.F_2.L,34.135,2,44.27195557008974,25
2pg2__1__1.B__1.H,88.25,2,120.77383822666232,17
2pnc__1__1.A__1.C,3.1,2,0.05656854249492385,17
2pnc__1__1.B__1.O,3.16,2,0.028284271247461926,17
2q3j__1__1.A__1.C,70.67999999999999,2,96.10995369887553,17
2q8i__1__1.A_2.A_2.B__2.F,53.949999999999996,2,72.26631303726515,25
2qcx__1__1.B__1.D,53.650000000000006,2,71.81376469730577,17
2qts__1__1.A__1.J,69.61999999999999,2,94.51189237339393,17
2qvh__1__1.B__1.E_1.F,39.06,2,51.293525907272155,21
2r1r__1__1.A__1.G,88.66499999999999,2,121.36073685504715,17
2uag__1__1.A__1.B_1.D,2.91,2,0.05656854249492385,21
2uue__2__1.D_1.F__1.F_1.J,2.8200000000000003,2,0.01414213562373112,25
2v0n__1__1.A_1.B__1.Q_1.R,50.735,2,67.69133216298819,25
2v91__1__1.A__1.C,76.5,2,104.1426867331547,17
2vfs__1__1.A__1.B_1.C,99.2,2,136.25947673464773,21
2vft__1__1.A__1.B_1.C,108.03999999999999,2,148.76112462602586,21
2vkd__1__1.A__1.D_1.E,84.045,2,114.82707019688345,21
2vkh__1__1.A__1.D_1.E,93.05000000000001,2,127.54792119042945,21
2vxk__1__1.A_2.A__1.B,29.625,2,37.865568132539615,21
2vzq__1__1.A__1.C_1.F,42.48,2,56.07356774809322,21
2w08__1__1.D__1.T,30.96,2,39.7535432383077,17
2w0w__1__3.A__3.B,122.73,2,169.49349545041545,17
2wa9__1__1.A__1.H,25.025000000000002,2,31.360185745623383,17
2wbv__2__1.C_1.F__1.R,47.0,2,62.47995518564334,21
2wcx__1__1.A__1.D,50.38,2,67.23171275521695,17
2wgs__1__1.G__1.Y,51.475,2,68.79441874163922,17
2wo3__1__1.B__1.C,48.015,2,63.88709768020456,17
2wzi__1__1.A__1.F,110.7,2,152.52293270193832,17
2x0q__1__2.A__2.B_2.C_2.D,93.805,2,128.6439367012686,25
2x0u__2__1.B__1.D,30.3,2,38.82016228714146,17
2x1n__1__1.D__1.E,35.95,2,46.824611050173175,17
2x65__1__1.B__1.J_1.K,124.27499999999999,2,171.72088181115305,21
2xce__1__1.B_1.C__1.M_1.N,47.055,2,62.51531052470267,25
2xcg__2__1.A_2.A__1.F,53.669999999999995,2,71.91275964667189,21
2xd9__1__4.A_4.C__4.F,49.9,2,66.5246059740304,21
2xjb__1__1.A__1.D_1.G,80.92,2,110.40765281446754,21
2xju__1__1.A__1.B_1.C,53.83,2,72.09660740978039,21
2xpc__1__1.A__1.B_1.D,2.96,2,0.028284271247461926,21
2xtk__2__1.B__1.L,36.86,2,48.097403256308965,17
2y38__1__1.A__1.B,89.545,2,122.59110265431174,17
2y71__1__1.A_3.A__3.B,43.17,2,57.03523297050692,21
2ya3__1__1.C__1.D,129.895,2,179.65461989606612,17
2ybe__1__1.A__1.B_1.D_1.E_1.F,85.19500000000001,2,116.46755792923625,29
2yc3__1__2.A__2.B,64.86,2,87.66709873150816,17
2yc5__1__1.A__1.B,65.69500000000001,2,88.8903934629609,17
2yqh__1__1.A__1.C,108.275,2,149.10760694880727,17
2yqs__1__1.A__1.B_1.D,78.69,2,107.26809870599925,21
2yr6__1__1.A__1.D_1.E_1.F,79.17,2,107.97520548718582,25
2z8g__2__1.B__1.W,111.495,2,153.67551675527238,17
2zgz__1__1.A__1.C_1.E,37.54,2,49.0307842074752,21
2zw9__2__1.B__1.D,117.95,2,162.77598102914325,17
2zwa__2__1.B__1.H,121.79,2,168.2348453799034,17
2zz5__1__1.A_1.B__1.C,57.92,2,77.89488301551008,21
3a3k__1__1.A__1.C,84.98,2,116.16350201332602,17
3abi__1__1.B__1.F,74.32000000000001,2,101.05970116718137,17
3afk__1__1.B__1.D_1.F,37.51,2,49.01664207185147,21
3arn__1__1.A_1.C__1.D,27.840000000000003,2,35.35533905932738,21
3ayf__1__1.A__1.B_1.C_1.E,3.33,2,0.01414213562373112,25
3ayg__2__2.A__2.B_2.C_2.E,3.34,2,0.05656854249492385,25
3ayj__1__1.B__1.H_1.I_1.J,133.73,2,185.12055531463812,25
3b03__1__1.A__1.E_1.F,83.4,2,113.94318672040028,21
3b04__1__1.C__1.I_1.J,80.115,2,109.28335303238092,21
3b1d__1__1.A_1.B__1.G_1.K,44.845,2,59.389898551858124,25
3b1e__1__1.A_1.B__1.F_1.J,139.20499999999998,2,192.8492324330071,25
3b5i__1__1.B__1.E,57.02,2,76.6220908093743,17
3b6p__2__1.D__1.N_1.O_1.P,31.215,2,40.142451967960305,25
3bex__2__1.C_1.D__1.L,33.635000000000005,2,43.55070665327946,21
3bf3__1__1.A_1.B__1.H,34.085,2,44.18710275634735,21
3bk2__1__2.A__2.E,58.205000000000005,2,78.25550747391522,17
3bkq__1__1.A__1.B,2.895,2,0.007071067811865324,17
3bos__1__1.A_1.B__1.M_1.P_1.U,77.11999999999999,2,105.03364127744976,29
3bqn__3__1.A_1.B__1.D,31.235,2,40.17073623920777,21
3bwk__1__1.B_1.D__1.G,68.24,2,92.47542484357669,21
3c9z__1__1.A__1.D,59.535000000000004,2,80.13641151187143,17
3ca5__2__2.A__2.D,35.465,2,46.13871747242223,17
3cde__1__1.A__1.C,84.69,2,115.79580648710902,17
3cxq__1__1.A_2.A__2.B,78.55499999999999,2,107.06303773945515,21
3d1r__1__1.A__1.B_1.D,66.03500000000001,2,89.34294180292028,21
3ddb__1__1.A_1.B__1.B_1.C,29.919999999999998,2,38.31104540468714,25
3ddu__1__1.A__1.B_1.G,173.99,2,242.02850906453148,21
3e08__1__1.A_1.B_1.D__1.R,71.82000000000001,2,97.55245153249611,25
3e4w__2__1.B__1.J_1.L_1.M,2.96,2,0.05656854249492385,25
3ej2__1__3.A_4.A__3.B_4.B,65.64500000000001,2,88.83382492046597,25
3ek5__1__1.A_1.C_1.D_1.E_1.F__1.K_1.L,67.25,2,91.10363768807478,37
3elh__2__1.F__1.Q_1.R,28.310000000000002,2,36.005877298019,21
3elm__1__2.A__2.C_2.I,51.745,2,69.14797213223248,21
3f6k__1__1.A__1.C,69.685,2,94.54724771245327,17
3g1b__1__1.B__1.D,24.78,2,31.013703422841974,17
3g1h__1__1.A_1.B__1.O,57.87,2,77.81003020176769,21
3g1v__1__1.A_1.B__1.C,45.72,2,60.65561969018205,21
3gnc__1__1.A__1.F,113.69,2,156.75143125343385,17
3h65__1__2.A__2.B_2.C_2.D_2.E_2.F,39.199999999999996,2,51.406662992262,33
3hf6__1__1.A__1.C,62.65,2,84.59825530115855,17
3hf8__1__1.A__1.C,37.305,2,48.726728291564996,17
3hhe__1__1.A__1.C,46.195,2,61.29908686106181,17
3hxu__1__1.A__1.B,49.01,2,65.30838231038953,17
3i26__2__1.C_1.D__1.N,43.035,2,56.83017200396282,21
3i27__2__1.C_1.D__1.L,83.125,2,113.55427799074765,21
3ikg__1__1.A__1.C,26.875,2,33.97648083601361,17
3inb__1__1.A__1.F,84.05499999999999,2,114.84121233250718,17
3it3__1__1.B__1.D,75.255,2,102.36784871237647,17
3jsa__1__2.A__2.B,67.745,2,91.73296272333083,17
3ju4__1__1.A_2.A_3.A__1.B,134.095,2,185.6367432649043,25
3jvv__1__2.B__2.G_2.H,40.745,2,53.59162294612844,21
3k42__1__1.B__1.I,38.035,2,49.75910419209735,17
3k43__1__1.B__1.G,41.654999999999994,2,54.87855728788795,17
3k56__2__2.B__2.F_2.G,65.295,2,88.3105659023879,21
3kqn__1__1.A__1.C_1.D_1.E,46.26,2,61.41929501386352,25
3l4t__1__1.A__1.B,202.05499999999998,2,281.73255482815614,17
3l4x__1__1.A__1.C,216.26500000000001,2,301.8143874138541,17
3l9h__1__1.A__1.D,41.52,2,54.70178059259132,17
3le7__1__1.A__1.C,46.535,2,61.77991947226865,17
3lgm__1__1.A__1.C,2.91,2,0.0,17
3lgn__1__1.A__1.C_1.D,2.9050000000000002,2,0.03535533905932772,21
3lhu__1__1.A_1.B__1.C,58.129999999999995,2,78.1777257279847,21
3lhw__1__1.A_1.B__1.C,50.785000000000004,2,67.80446924797805,21
3lhy__1__1.A_1.B__1.C,48.76,2,64.8841182416776,21
3li1__1__1.A_1.B__1.C,46.695,2,62.03447791349582,21
3ltp__1__1.A_1.B__1.D,54.15,2,72.50672934286858,21
3lts__1__1.A_1.B__1.C,48.46,2,64.51642271546059,21
3lty__1__1.A_1.B__1.C,48.68,2,64.82754969918268,21
3lu6__1__1.A__1.D,56.265,2,75.52607529853515,17
3lu8__1__1.A__1.C,57.13,2,76.77765430123533,17
3lv5__1__1.A_1.B__1.C,49.42,2,65.84578346409131,21
3lv6__1__1.A_1.B__1.D,47.345,2,62.93957459341459,21
3maw__1__1.A__1.C,66.97500000000001,2,90.70058682279846,17
3n13__1__1.A__1.B,75.35499999999999,2,102.57998074673245,17
3n15__1__1.A__1.B,74.075,2,100.75564525127115,17
3n2v__1__1.A__1.B_1.G,29.79,2,38.14133977720237,21
3n5h__1__2.A__2.B_2.D,39.2,2,51.39252085663828,21
3n5j__1__2.A__2.B_2.D,39.56,2,51.92992201034005,21
3n76__1__12.A_7.A__12.B,58.91,2,79.26667017101197,23
3nkn__1__1.A__1.D,192.565,2,268.29752598561174,17
3nkp__1__1.A__1.D,189.105,2,263.50334200916694,17
3nq7__1__1.A_1.B__1.D,55.71,2,74.84018172078419,21
3nqa__1__1.A_1.B__1.C,50.2,2,66.97715431398979,21
3nqc__1__1.A_1.B__1.C,52.695,2,70.49147501648693,21
3nqd__1__1.A_1.B__1.C,60.055,2,80.9425132424241,21
3nqe__1__1.A_1.B__1.C,46.449999999999996,2,61.65971131946694,21
3nqf__1__1.A_1.B__1.C,46.34,2,61.518289963229634,21
3nqg__1__1.A_1.B__1.E,49.349999999999994,2,65.76093065034891,21
3nqm__1__1.A_1.B__1.C,48.275,2,64.25479320642157,21
3ntp__1__1.A__1.B,59.665,2,80.3485435462274,17
3nwd__3__1.C_3.C__3.O,87.685,2,120.00309183516897,21
3nwd__4__3.D__3.F,104.635,2,143.95986958176923,17
3ocd__1__1.A__1.E,2.9299999999999997,2,0.04242640687119305,17
3ogm__2__1.E_1.F__1.CA_1.DA_1.EA_1.FA,26.72,2,33.77141986946951,37
3oha__1__1.A__1.D_1.H_1.I,52.235,2,69.86922104904276,25
3ohb__1__1.A__1.D_1.E_1.F,95.38,2,130.85718092638248,25
3oky__1__2.B__2.C,88.43,2,121.04253880351321,17
3ova__1__2.A__2.C_2.E,46.425,2,61.65264025165508,21
3p5p__1__1.A__1.B_1.C_1.E,172.595,2,240.02739687377354,25
3p5y__1__1.A_1.B__1.E,52.824999999999996,2,70.67532277959542,21
3p5z__1__1.A_1.B__1.C,51.239999999999995,2,68.43379428323406,21
3p60__1__1.A_1.B__1.D,54.225,2,72.66936390254149,21
3p61__1__1.A_1.B__1.D,46.025,2,61.05867055545838,21
3pde__1__1.B__1.J_1.K_1.L_1.M,64.725,2,87.54689057870644,29
3phe__1__1.A__1.E,87.29,2,119.44447747803162,17
3plf__2__1.D__1.C,37.495,2,49.02371313966334,17
3q9b__1__1.A_1.I__1.FE_1.IE_1.T,40.73,2,53.57040974269284,31
3qcp__1__1.A__1.B,110.60000000000001,2,152.39565348132473,17
3qez__1__1.A_1.B__1.E,47.625,2,63.335554390879054,21
3qf0__1__1.A_1.B__1.D,45.99,2,60.99503094515159,21
3qkv__1__1.A__1.C,57.115,2,76.75644109779974,17
3qmr__1__1.A_1.B__1.C,52.805,2,70.6187542371005,21
3qms__1__1.A_1.B__1.C,51.04,2,68.17923584200692,21
3qmt__1__1.A_1.B__1.E,48.105,2,64.02851903644188,21
3qw7__1__1.A_1.B__1.B_1.C_1.F_1.G,24.935,2,31.261190796257264,33
3r1r__1__1.A__1.G,85.9,2,117.43629421946181,17
3r77__1__1.A_1.B__1.C,57.690000000000005,2,77.52718748929307,21
3rer__1__1.B_1.C__1.I,31.98,2,41.22432534317572,21
3rlu__1__1.A_1.B__1.D,68.795,2,93.26031337069377,21
3rlv__1__1.A_1.B__1.D,49.654999999999994,2,66.19226578687271,21
3rou__1__1.A_1.B__1.D,32.91,2,42.567828227430155,21
3s1e__1__1.A__1.B,110.91499999999999,2,152.8269886178485,17
3s1f__1__1.A__1.B,113.00500000000001,2,155.76855282758456,17
3sgu__1__1.A_2.A__1.B,2.895,2,0.0212132034355966,21
3sj3__1__1.A_1.B__1.C,45.775,2,60.71925930048884,21
3sw6__1__1.A_2.A__2.B,51.365,2,68.69542379227309,21
3t44__1__1.A__1.B_1.C,57.415,2,77.16656303088793,21
3tay__1__1.A__1.C_1.H,28.35,2,36.062445840513924,21
3thc__2__1.B__1.P,62.129999999999995,2,83.83457997747708,17
3thd__2__1.B__1.P,62.635000000000005,2,84.56289996209922,17
3thq__1__1.A_1.B__1.C,48.32,2,64.30429068110463,21
3tny__1__1.A__1.B,2.99,2,0.0,17
3tz3__1__1.A_2.A__1.D,127.95500000000001,2,176.95347199193353,21
3ue1__1__1.B__1.D,197.06,2,274.68270021972626,17
3uel__1__1.A__1.D,76.1,2,103.59114344382921,17
3v1p__1__1.A_1.B__1.E,51.35,2,68.61764204634258,21
3vlw__1__1.A__1.C_1.I,113.725,2,156.8857815418593,21
3vph__1__1.A_1.B_1.C_1.D__1.F_1.H_1.Q,59.370000000000005,2,79.94549268095106,37
3vv0__1__1.A__1.B,69.275,2,94.00984655875149,17
3vw2__1__1.A__1.E,65.985,2,89.31465753167281,17
3vw9__1__1.A_1.B__1.E_1.F,30.86,2,39.626264017694126,25
3vws__1__1.A__1.D_1.E,117.22,2,161.74360512861088,21
3w0t__1__1.A_1.B__1.F_1.G,31.675,2,40.79299020665193,25
3w0u__1__1.A_1.B__1.C_1.F,31.14,2,40.00810167953486,25
3w54__1__1.A__1.E_1.F_1.G_1.H,35.449999999999996,2,46.0609357264917,29
3w6c__1__1.A__1.E,67.925,2,92.04408970705289,17
3w6f__1__1.A__1.E,27.105,2,34.429029175973,17
3w81__2__1.B__1.G,134.19,2,185.75695141770603,17
3w8o__2__1.B__1.D,2.9450000000000003,2,0.007071067811865795,17
3was__1__2.A_3.A__2.C_2.E,43.245,2,57.12715685206117,25
3wf3__2__1.B__1.Q,117.86500000000001,2,162.684057147589,17
3wgb__1__1.A_1.B_1.D__1.F,94.64999999999999,2,129.8248050258501,25
3wgx__1__1.A__1.C,27.985,2,35.546257890247745,17
3wjw__1__1.A_2.A__2.B,52.63,2,70.42783540618014,21
3wjy__1__1.A_2.A__1.B,32.25,2,41.59202086939273,21
3wno__2__1.B__1.DA_1.G,81.45,2,111.12890173127781,22
3woo__1__1.A__1.C,82.99,2,113.34921702420355,17
3woq__1__1.B__1.D,87.095,2,119.18284796899259,17
3wqy__1__1.A__1.D,139.915,2,193.85332406229202,17
3wsx__1__1.A__1.C,138.795,2,192.2976891436816,17
3wsy__1__1.A__1.F,66.605,2,90.19146994034413,17
3x0b__1__1.A_1.B__1.E,68.865,2,93.40173472693107,21
3zds__1__1.A_1.B__1.M_1.N,46.16,2,61.249589386378744,25
3zds__2__2.F_2.J__2.Y_2.Z,92.95,2,127.42064196981588,25
3zyg__1__1.A__1.D,80.67,2,110.0823836951217,17
4a1o__1__1.A_1.B__1.E_1.I,101.045,2,138.8828428928498,25
4a61__1__1.A__1.B_1.C,60.045,2,80.91422897117664,21
4a7g__1__1.B__1.O,45.95,2,61.00917308077532,17
4ad4__1__1.A__1.B,70.67,2,95.91196380014333,17
4ad5__1__1.A__1.B,83.315,2,113.80883643197481,17
4agi__1__1.C__1.W,2.86,2,0.05656854249492385,17
4agt__1__1.A__1.J,35.495000000000005,2,46.181143879293415,17
4aha__1__1.A__1.K,53.255,2,71.34000315391079,17
4aqh__1__1.A__1.D,72.835,2,98.97373616268106,17
4au0__1__1.A__1.F,69.78,2,94.72402440774991,17
4avb__2__1.B__1.J_1.N,79.96000000000001,2,109.06414993021309,21
4avs__1__1.D__1.R,30.770000000000003,2,39.498984797080546,17
4ax7__2__1.B__1.T,64.715,2,87.50446417183525,17
4ay9__3__1.A__1.K,38.16,2,49.96416515864144,17
4az3__1__1.A_1.B__1.C,29.715,2,38.02113162440066,21
4azm__1__1.A_1.B__1.C,28.38,2,36.14729865425631,21
4bcc__1__1.A__1.B_1.F,83.565,2,114.16238982256809,21
4bcd__1__1.A__1.B,84.535,2,115.52003484244626,17
4c49__3__1.C__1.G,77.855,2,106.07308824579401,17
4c7w__1__1.A__1.M_1.N,67.57,2,91.5703281636579,21
4c7w__1__1.B__1.G_1.R,69.86,2,94.80887722149231,21
4cb5__1__1.A__1.B,47.105,2,62.58602120282132,17
4cdc__1__1.G_1.H_1.I__1.X,24.305,2,30.35609411633849,25
4cdf__1__1.A_1.B_1.C__1.I,24.71,2,30.942992744723323,25
4ci9__1__2.A__2.B,82.12,2,112.0905669536915,17
4cix__1__8.A_9.A__8.B,27.549999999999997,2,34.94521712623918,21
4cmm__1__1.B__1.C,2.8499999999999996,2,0.014142135623730807,17
4cp5__1__1.A_1.B__1.G,52.355000000000004,2,70.0247845409038,21
4cyi__2__1.C__1.M_1.N,112.74499999999999,2,155.41499943699128,21
4cyj__1__1.A__1.G_1.H,97.57000000000001,2,133.9684507636033,21
4d4b__1__1.A__1.C_1.E,69.59500000000001,2,94.4199684918397,21
4dch__1__1.A__1.C,72.515,2,98.52118782272167,17
4dhl__2__1.B_1.D__1.V_1.W_1.X,159.51500000000001,2,221.55776774918095,29
4edh__1__1.A__1.C_1.D_1.E,71.03,2,96.40693854697388,25
4efe__1__1.A__1.E,38.754999999999995,2,50.84804863512463,17
4ffg__2__1.B__1.F,95.195,2,130.59555141734347,17
4ffo__1__1.A__1.B_1.C_1.D_1.E,38.82,2,50.869261838560234,29
4fju__1__1.A_1.B__1.E,63.805,2,86.20338769445202,21
4fx8__1__1.A_1.B__1.C,54.18,2,72.59158215661097,21
4fxr__1__1.A_1.B__1.C,52.205,2,69.82679464217156,21
4fz0__1__1.B__1.K,43.94,2,58.11003527791048,17
4gc4__1__1.A_1.B__1.D,49.27,2,65.704362107854,21
4gip__1__1.A_1.B__1.G,39.455,2,51.76728745066714,21
4glx__1__1.D__1.G,59.614999999999995,2,80.27783286810873,17
4gmc__2__1.B__1.E,55.87,2,75.05231375514015,17
4gmd__2__1.D__1.O,55.415,2,74.35227804176547,17
4gnv__1__1.B__1.G,89.145,2,122.05370150060996,17
4gyz__3__1.C__1.O_1.P,69.925,2,94.87251683179908,21
4hat__1__1.C__1.G,225.04000000000002,2,314.224111423678,17
4hb0__1__1.C__1.F,215.16500000000002,2,300.2587524952437,17
4hjh__2__1.B__1.IC,2.915,2,0.0212132034355966,18
4hsi__2__1.B_2.B__2.K,98.81,2,135.7079334453222,21
4i02__1__1.A_1.E__1.H,31.945,2,41.1465435972452,21
4i4v__2__1.D__1.L,26.35,2,33.24816085139147,17
4i4y__2__1.C__1.H_1.O,26.79,2,33.88455695445936,21
4ien__2__1.C_1.D_2.C__1.P,32.28,2,41.62030514064019,25
4ih7__1__1.A__1.D,89.67,2,122.79616362085584,17
4ise__1__1.A__1.C,69.035,2,93.61386676128701,17
4iu4__1__3.A__3.B_3.C_3.F,73.355,2,99.7232693507388,25
4ixd__2__1.A_2.A__1.C,31.23,2,40.13538090014844,21
4j6w__1__1.C_1.E__1.W,35.515,2,46.29428096428327,21
4j8t__3__1.C__1.G,27.245,2,34.49973985409166,17
4jaf__1__1.B_3.B__1.H,50.235,2,66.99836751742538,21
4jp4__1__1.A_1.B__1.I_1.N,30.295,2,38.81309121932959,25
4js1__1__1.A__1.C_1.D,37.15,2,48.521667325020886,21
4jsd__1__1.A__1.B,145.42999999999998,2,201.66685399440334,17
4jt8__1__1.A__1.C,144.095,2,199.7505946173878,17
4jt9__1__1.A__1.C_1.D_1.E,36.835,2,48.07619005287337,25
4jvo__1__1.A__1.C,39.709999999999994,2,52.12791190907228,17
4k2f__1__1.A_1.B__1.M,123.795,2,171.04205930121398,21
4kax__1__1.B__1.H,28.625,2,36.55034951953264,17
4kgj__1__1.A__1.J,57.245,2,76.95443099653197,17
4kgq__1__3.A_3.B__3.F,50.8,2,67.83982458703737,21
4kql__1__3.A__3.L,50.404999999999994,2,67.29535236552373,17
4kxl__2__1.C_1.D__1.G,27.259999999999998,2,34.53509519315098,21
4l0p__1__1.B__1.C,27.555,2,34.99471460092224,17
4l1r__2__1.B_3.B__1.K,104.96000000000001,2,144.4336311251642,21
4l59__1__1.A_2.A__2.B,37.45,2,48.94593139373282,21
4lfe__1__1.B__1.F_1.G_1.H_1.I_1.J,59.15,2,79.66264996847644,33
4lrh__4__1.D__1.T,32.255,2,41.5566655303334,17
4m1j__1__1.A_1.B__1.C,51.89,2,69.35303309877658,21
4mlp__1__1.A__1.E,117.27499999999999,2,161.8213868745414,17
4mmd__1__1.A__1.D_1.E,53.59,2,71.77133829043457,21
4mme__1__1.A__1.E,86.25500000000001,2,117.98076644097546,17
4mpe__1__1.A__1.B,99.92,2,137.27771049955635,17
4mwf__1__1.D__1.I,29.165,2,37.22917202947173,17
4mwf__2__1.C__1.L,59.565,2,80.23540646123755,17
4mws__1__1.A_1.B__1.G,82.91,2,113.3633591598273,21
4my6__2__1.B__1.F,26.56,2,33.559287835113544,17
4myw__2__1.C__1.F,65.825,2,89.07424122606939,17
4n7e__1__1.A__1.E,175.07,2,243.57000184751817,17
4n7m__1__1.A_1.B__1.C,33.19,2,42.87895521115224,21
4nbi__1__1.A_1.B__1.C,29.96,2,38.33932967593461,21
4np3__1__1.A__1.B_1.D_1.E,27.759999999999998,2,35.35533905932738,25
4o3f__1__1.A__1.B,48.055,2,63.94366622269949,17
4og7__1__1.A__1.C,79.33000000000001,2,108.18733752154178,17
4p10__1__1.A__1.B_1.C_1.D,45.870000000000005,2,60.85360958891428,25
4p3n__1__1.B__1.G,47.63,2,63.34262545869093,17
4p73__1__1.D__1.F,71.45,2,97.02919251441804,17
4p9o__1__2.A_2.B__2.E,25.0,2,31.338972542187783,21
4pd9__1__1.A_2.A__2.D,46.8,2,62.15468606629753,21
4pda__1__2.A_3.A__3.D,46.735,2,62.076904320367,21
4pht__1__1.A_1.B__1.H_1.I,132.885,2,183.86897631193793,25
4pkr__1__1.A__1.B_1.C_1.E,80.05000000000001,2,109.1631448795792,25
4qnu__6__1.F__1.T,38.934999999999995,2,51.03189639823313,17
4r9j__1__1.A_1.C__1.S,50.955,2,68.07316982482894,21
4rus__2__1.C__1.V,51.4,2,68.64592631759002,17
4rvh__1__1.A__1.D,3.1399999999999997,2,0.01414213562373112,17
4s3q__1__1.A__1.D,137.13,2,189.92888142670665,17
4tlb__1__1.A_1.F__1.V_1.W,68.97000000000001,2,93.53608501535652,25
4tlc__1__1.C_1.D__1.M_1.O,66.83000000000001,2,90.4672415850069,25
4tn2__1__1.A__1.B,85.045,2,116.269568030504,17
4tsq__3__1.C__1.U,29.49,2,37.64636503037179,17
4tx6__1__1.A__1.C,37.495000000000005,2,49.009571004039614,17
4txe__1__1.A__1.B,65.89500000000001,2,89.18737831105925,17
4u2y__1__1.B__1.D,68.29,2,92.51785125044789,17
4unq__1__1.A__1.C,52.405,2,70.09549521902245,17
4uns__1__1.A__1.C,31.479999999999997,2,40.50307642636544,17
4usc__1__1.B__1.V,2.995,2,0.03535533905932725,17
4wy0__1__1.F_1.K__1.DA,59.809999999999995,2,80.55360451277149,22
4x2a__1__1.A_1.B__1.C_1.E,63.625,2,86.00539779571977,25
4x3l__1__1.A_1.B__1.C,34.91,2,45.325544674057696,21
4x3m__1__1.A__1.C,35.095,2,45.64374272559164,17
4x8d__2__1.B__1.T_1.U_1.V,47.33,2,62.89007711873153,25
4x90__2__1.B__1.R,41.865,2,55.24625281410496,17
4x91__2__1.B__1.Q,41.59,2,54.91391262694728,17
4x94__1__1.A__1.C,73.33,2,99.68791401167947,17
4x97__1__1.A__1.H,89.43,2,122.4567523658863,17
4xm6__1__1.A__1.B_1.C,66.56,2,90.198541008156,21
4xp1__1__1.A__1.N,57.64,2,77.48476108242188,17
4xp9__1__1.A__1.H,111.245,2,153.39267404279775,17
4xph__1__1.A__1.J,56.964999999999996,2,76.57259333469123,17
4xqc__1__1.B__1.J,51.16,2,68.30651506262049,17
4yco__3__1.C__1.J,39.185,2,51.35716551757895,17
4yzl__1__1.A__1.B_1.C,55.725,2,74.80482638172487,21
4z2j__1__1.A__1.B_1.D,56.445,2,75.76649160413857,21
4z2l__1__1.A__1.B,130.805,2,180.95569637344937,17
4zdk__1__1.B_3.A__3.D_3.F,57.779999999999994,2,77.7251773880253,25
4zed__1__1.A__1.B,129.605,2,179.28692436984915,17
4zmm__1__1.A_1.B__1.C_1.D,62.86,2,84.88109801363316,25
4zne__1__1.A__1.F,34.410000000000004,2,44.646722164118614,17
4zr5__1__1.A__1.I,76.12,2,103.6759962575716,17
4zr5__2__1.A__1.G_1.H,83.64500000000001,2,114.28966904318169,21
4zwc__1__1.A__1.C,132.37,2,183.15479846293954,17
5a5w__1__1.A__1.B,63.669999999999995,2,86.01246886353164,17
5a88__4__1.D__1.P_1.Q_1.R,45.910000000000004,2,60.91017813140921,25
5adv__2__1.C__1.L_1.M_1.N,35.68,2,46.44277338833244,25
5aog__1__1.A__1.D_1.G_1.H,3.0999999999999996,2,0.01414213562373112,25
5auo__1__1.B_2.B__1.F_1.G,87.96000000000001,2,120.39200056482159,25
5avw__1__1.B__1.D,35.885,2,46.74682930424266,17
5aw4__1__1.B__1.D,35.85,2,46.65490542268841,17
5ayc__1__2.A_3.A__2.B_2.C,43.12,2,56.95038015676454,25
5bs3__1__1.A_1.B__1.I,123.715,2,170.94306435184785,21
5buh__1__1.A__1.B,28.485,2,36.26750680705803,17
5bvb__1__1.A__1.E,27.0,2,34.167399666933974,17
5byr__1__1.A__1.C_1.H,3.225,2,0.06363961030678918,21
5bys__1__1.A__1.C_1.H,3.255,2,0.021213203435596132,21
5bzb__1__1.C_1.D__1.O,25.275,2,31.78444981433531,21
5bzj__1__1.A__1.D_1.E,27.715000000000003,2,35.17856236403074,21
5bzl__1__1.A__1.D,27.91,2,35.49676041556469,17
5bzm__1__1.A__1.B,27.599999999999998,2,34.973501397486636,17
5bzn__1__1.A__1.C,27.24,2,34.46438451503233,17
5bzo__1__1.A__1.B,27.425,2,34.796724702190005,17
5bzp__1__1.A__1.B,27.4,2,34.704800820635754,17
5bzq__1__1.A__1.B,27.435000000000002,2,34.76844043094254,17
5bzt__1__1.A__1.D,32.32,2,41.676873683135106,17
5c9m__3__1.C__1.K,2.9050000000000002,2,0.021213203435596444,17
5cdo__1__1.A_1.C_1.D__1.W,54.44,2,72.98756195407543,25
5d4u__1__1.C__1.P_1.S,52.205,2,69.84093677779529,21
5d4v__2__1.B__1.I_1.L,48.199999999999996,2,64.13458505361986,21
5d61__1__1.A__1.D_1.L,35.824999999999996,2,46.591265812381614,21
5df1__2__1.B__1.G_1.H,98.92999999999999,2,135.92006547967816,21
5df5__2__1.B__1.G,2.895,2,0.007071067811865324,17
5dqe__2__1.B__1.E,30.215,2,38.75652267683467,17
5dw5__1__1.B__1.K,92.36,2,126.58625596801575,17
5dw6__1__1.B__1.L,54.98,2,73.72295300650944,17
5e1q__2__1.B__1.D_1.G,70.055,2,95.07050673053132,21
5e62__2__2.C_2.D_3.D__3.N,26.515,2,33.453221817935564,25
5e64__1__1.A_1.B_2.B__2.H,26.965,2,34.132044327874645,25
5e6m__1__1.B__1.G,102.06,2,140.28998538741104,17
5eat__1__1.A__1.B_1.C_1.D_1.E,105.32000000000001,2,144.9286058719948,29
5ebb__2__1.B__1.N,85.06,2,116.24835482706841,17
5el2__1__1.A__1.E,26.535,2,33.523932496054215,17
5eno__1__1.C__1.G,209.18,2,291.780542188817,17
5enr__1__1.C__1.G,211.36999999999998,2,294.9059541616615,17
5eq9__1__1.A__1.E,74.77,2,101.710239405873,17
5eqe__1__1.A__1.C,70.825,2,96.17359330918235,17
5erd__1__1.B__1.H,59.58,2,80.25661966467314,17
5ers__1__1.A_2.A__2.B_2.C,90.16,2,123.48912826641865,25
5erv__1__1.A_2.A__1.B_1.C_1.O,85.225,2,116.49584220048371,29
5etl__1__1.A__1.J,47.99,2,63.85174234114525,17
5ezv__1__1.E__1.K_1.L,73.45,2,99.82933536791677,21
5f2n__1__1.B__1.E_1.F,67.15,2,90.91978992496628,21
5f5x__1__1.A__1.C,39.825,2,52.30468860436892,17
5f9t__2__1.B__1.G,65.59,2,88.74190103891172,17
5fa1__1__1.B__1.D,75.465,2,102.70725996734603,17
5fbc__1__1.A__1.E,35.07,2,45.58010311528485,17
5fli__2__1.F__1.W_1.X,63.485,2,85.79326576136381,21
5flj__2__1.L__1.YA_1.ZA,65.005,2,87.87215969805226,23
5fog__3__1.D__1.M,67.55,2,91.51375962116298,17
5fra__4__1.D__1.L,51.775,2,69.19039853910367,17
5fsc__1__2.A__2.D,44.385,2,58.7393603131665,17
5fux__1__1.A__1.C_1.E_1.F,45.91,2,60.88189386016174,25
5fuy__1__1.B__1.J_1.K,46.985,2,62.45874198220775,21
5h41__1__1.A__1.C_1.E_1.F,270.04,2,377.86372173046726,25
5h42__1__1.A__1.C,291.97,2,408.86328301768555,17
5h47__10__1.J__1.PB,55.71,2,74.78361317828927,19
5h4j__1__1.A_2.A__2.B,28.040000000000003,2,35.68060817867319,21
5hcn__1__1.A__1.C_1.D,67.185,2,91.05414021339172,21
5hmw__1__1.A__1.D,56.44,2,75.78770480757416,17
5hmx__1__1.A__1.D,93.865,2,128.75707378625845,17
5hmy__1__1.A__1.D,122.89,2,169.73391175601887,17
5hmz__1__1.A__1.D,100.085,2,137.5110557373479,17
5hvh__1__1.A__1.E,46.955,2,62.40217343971282,17
5i3q__1__1.A__1.D,57.935,2,77.91609621894567,17
5id7__1__1.A__1.D,56.525,2,75.93619723162334,17
5iul__2__1.E__1.P_1.Q,75.21000000000001,2,102.34663550894089,21
5j1x__1__1.A__1.E,47.83,2,63.56889962867062,17
5j3z__2__1.B__1.S,71.72000000000001,2,97.38274590501133,17
5j42__1__1.A__1.C_1.D,81.69000000000001,2,111.52488152874228,21
5j61__3__1.E_1.F__1.M,48.665,2,64.79219436012335,21
5jau__1__1.A__1.E,43.279999999999994,2,57.21908073361542,17
5jgq__2__1.B__1.D,28.950000000000003,2,36.925116113561515,17
5jjr__1__1.A__1.E,216.39499999999998,2,302.0123773125863,17
5jmy__2__1.B__1.M_1.N,78.065,2,106.41249950076354,21
5jqw__1__1.A__1.B,115.295,2,159.1202389704088,17
5k5m__1__1.A__1.D,107.81,2,148.4499976423038,17
5kgp__1__1.B__1.D_1.L,36.78,2,48.0691189850615,21
5kv8__1__1.B__1.S,86.825,2,118.80101030715186,17
5l58__1__1.A_2.A__1.C_2.C,173.365,2,241.1446255880483,25
5l6v__4__1.N_1.P__1.OA,113.39,2,156.28474077785074,22
5la4__1__1.A__1.E,105.345,2,144.99224548230157,17
5la7__1__1.A__1.D,50.529999999999994,2,67.42970265394916,17
5lia__1__1.A__1.D_1.M,200.98000000000002,2,280.19813311298134,21
5lnr__1__3.A_3.D__3.N,178.95999999999998,2,249.00058192703085,21
5lrr__1__1.B__1.L,31.115000000000002,2,39.97274634047553,17
5lx6__1__1.A__1.C,31.775000000000002,2,40.90612729164177,17
5m5e__1__1.A_1.B__1.F_1.K,30.57,2,39.20199994898219,25
5m5u__1__1.A__1.C,43.59,2,57.67162907357482,17
5m77__2__1.B__1.D_1.R,71.805,2,97.54538046468423,21
5m7u__1__1.A_1.B__1.D,104.475,2,143.71945327616578,21
5m8l__4__1.D__1.U,47.445,2,63.09513808527564,17
5m8m__3__1.C__1.Q,91.395,2,125.22153988032571,17
5m92__1__1.A__1.D_1.E_1.N,3.2,2,0.01414213562373112,25
5man__1__1.A__1.B,134.10000000000002,2,185.61553006146875,17
5ml8__1__1.A__1.B,44.105000000000004,2,58.428233329444424,17
5my0__2__1.D__1.G,3.225,2,0.0212132034355966,17
5n0m__1__2.A__2.B_2.I,64.74,2,87.52567737527085,21
5n2v__2__1.E_1.F__1.K_1.L_1.M_1.N,27.650000000000002,2,35.07249634685276,33
5nbx__2__1.B__1.D,26.775000000000002,2,33.8350594797763,17
5nmt__1__1.B__1.E,136.13,2,188.47224145746236,17
5nn4__1__1.A__1.D,204.165,2,284.7448297160108,17
5np8__1__1.A__1.B,46.44,2,61.68799559071441,17
5npp__1__1.B__1.O,122.545,2,169.27429234824763,17
5nr3__1__1.A__1.C,50.39,2,67.23171275521695,17
5o0t__1__1.A__1.F,2.96,2,0.014142135623730807,17
5o1j__1__1.A__1.B_1.D,115.53999999999999,2,159.36772634382407,21
5o22__1__1.A__1.E,2.895,2,0.049497474683058526,17
5o3w__2__1.B__1.F,84.86,2,115.97965425021754,17
5o3w__4__1.D__1.H,85.475,2,116.84939559107698,17
5oah__1__1.A__1.D_1.E,73.545,2,99.99196992758968,21
5odc__1__1.A_1.G__1.SA,197.965,2,275.97670562929767,22
5odi__1__1.A_1.G__1.N,208.175,2,290.359257558632,21
5oef__2__1.B__1.K_1.L,3.26,2,0.028284271247461454,21
5ohe__2__1.C_1.D__1.N_1.O,2.9000000000000004,2,0.04242640687119305,25
5ohf__3__1.E_1.F__1.T_1.U,2.91,2,0.05656854249492385,25
5oju__1__2.B__2.K,47.07,2,62.5082394568908,17
5oo2__1__2.B__2.P,47.339999999999996,2,62.96078779685019,17
5ost__1__1.A__1.P,143.995,2,199.59503112552676,17
5ov6__1__1.A__1.B,65.07000000000001,2,87.99236785085397,17
5qgm__1__1.A__1.F,2.895,2,0.0212132034355966,17
5qha__1__1.A__1.D,2.87,2,0.014142135623730807,17
5qpg__1__2.A__2.H,39.615,2,51.936993078151914,17
5qto__1__1.A_1.B__1.H,31.505000000000003,2,40.53843176542477,21
5qtp__1__1.A_1.B__1.G,31.32,2,40.29094439200948,21
5rm2__2__1.B__1.H_1.M_1.N,59.07,2,79.53537074786287,25
5slg__1__1.A__1.G,45.35,2,60.13236067210401,17
5sun__1__1.A_1.B__1.D_1.J,80.1,2,109.2479976933216,25
5svf__2__1.C__1.L,84.91499999999999,2,116.05743599614804,17
5svl__2__3.B__3.T,69.61500000000001,2,94.39168422059224,17
5t2p__1__1.A__1.G,60.015,2,80.85766042868171,17
5t64__1__1.B__1.M,94.21499999999999,2,129.3369013468314,17
5tiy__1__1.A__1.C,57.755,2,77.66153777771852,17
5tw8__2__1.B__1.G,76.935,2,104.8002960396582,17
5u1w__1__1.A_2.A_3.A__3.E,38.82,2,50.869261838560234,25
5u1x__1__1.A_3.A__1.E,71.665,2,97.347390565952,21
5u1y__1__1.A_2.A__2.E,62.1,2,83.76386929935842,21
5u8z__1__1.D__1.O_1.P,52.575,2,70.37833793149707,21
5ufi__3__1.C__1.G,51.935,2,69.44495698033083,17
5ui4__1__1.D_1.F__1.L,45.955,2,60.97381774171598,21
5uj7__1__1.C__1.K,64.345,2,87.03777369625213,17
5us1__4__1.G__1.X,75.185,2,102.36784871237649,17
5uy8__1__1.A_1.B__1.G,61.0,2,82.26480292324294,21
5uz0__1__1.A_1.B__1.F,60.97,2,82.17995010950055,21
5v3a__2__2.C_3.C_3.D__3.L,47.17,2,62.70622935562304,25
5v3x__1__1.A__1.C,94.57,2,129.71166794086028,17
5v3y__1__1.A__1.C,77.465,2,105.53568709209222,17
5vr7__1__1.A_1.B__1.C,38.870000000000005,2,50.954114652302614,21
5vro__1__1.A_1.B__1.C,38.45,2,50.36014495610591,21
5vsj__1__1.B__1.E,69.045,2,93.64215103253449,17
5vt4__1__1.A__1.E,183.84,2,255.94437051828274,17
5vwo__1__1.A_1.B__1.D,46.76,2,62.126401795050064,21
5w6y__1__1.A_1.B__1.D,46.725,2,62.06276218474328,21
5wdk__1__1.F__1.W,43.45,2,57.40292849672393,17
5wdl__1__1.F__1.V,85.16,2,116.41806045455318,17
5wgt__2__1.A_2.A__1.O,202.32999999999998,2,282.1356056934324,21
5wgu__1__1.A__1.N,66.92999999999999,2,90.66523148373912,17
5wgz__1__1.A__1.P,67.35000000000001,2,91.2450590443121,17
5x72__1__1.A__1.B_1.C,60.18,2,81.06272139522581,21
5xjd__1__1.A_1.B__1.C,30.19,2,38.66459879528042,21
5xmp__1__1.A_1.B__1.G_1.H,98.405,2,135.2200297663035,25
5xpi__1__1.A__1.B,66.31,2,89.77427693944408,17
5y4z__1__1.A__1.B_1.C,92.17,2,126.35998179803606,21
5yea__2__1.B__1.G,43.43,2,57.3887863611002,17
5yij__1__1.A_1.C__1.E,25.285,2,31.75616554308785,21
5yjo__1__1.A__1.E_1.F,96.76,2,132.83707991370483,21
5ylt__1__1.A__1.C,55.584999999999994,2,74.57855221174516,17
5zdq__1__2.A__2.E_2.F_2.G_2.H,56.050000000000004,2,75.2503036538724,29
5zk4__2__1.B__1.J_1.N,103.92,2,142.94870688467245,21
5zq7__1__1.A_1.B__1.E,34.324999999999996,2,44.54065614694063,21
5zqs__1__1.B__1.D,106.505,2,146.63273321465437,17
5zqx__1__1.A__1.E,105.83,2,145.63571265318132,17
6a8p__3__1.C__1.F,75.75500000000001,2,103.13152403605797,17
6a9a__1__1.A_2.A__2.C_2.D,57.68,2,77.5413296249168,25
6apl__1__1.A__1.G,58.7,2,78.96968532291363,17
6apl__3__1.C__1.N,54.435,2,72.96634875063984,17
6apw__1__1.A__1.B,74.555,2,101.42032562558651,17
6aqn__1__1.A__1.B,36.89,2,48.16811393442762,17
6au0__1__1.A__1.B,75.41,2,102.65776249266297,17
6b24__1__1.A_1.B_1.C__1.H,25.83,2,32.526911934581186,25
6b2a__1__1.A_1.B_1.C__1.I_1.L,25.65,2,32.272353493354025,29
6b63__1__1.A_1.B__1.D_1.E_1.F_1.I_1.L,34.235,2,44.413376926327054,37
6bjo__1__1.B__1.D,25.724999999999998,2,32.32185096803708,17
6bkx__1__2.A__2.F,46.975,2,62.416315575336554,17
6bkz__1__1.A_1.B__1.D,88.675,2,121.43144753316581,21
6bl0__1__1.A__1.G,47.685,2,63.46283361149264,17
6bo6__1__3.A__3.B,54.339999999999996,2,72.81785632659066,17
6boi__1__1.A__1.C,71.87,2,97.62316221061475,17
6bsl__1__1.A__1.D_1.F,33.834999999999994,2,43.81940723013034,21
6btn__1__1.A__1.C_1.D_1.F,31.79,2,40.9414826307011,25
6bto__1__1.A__1.D_1.F,32.835,2,42.41933580338099,21
6btp__1__1.A__1.D_1.F,33.055,2,42.716320651479336,21
6c0m__1__1.B__1.R,88.49,2,121.12739161725558,17
6cfc__1__1.A__1.B,84.155,2,114.99677582436821,17
6cq8__1__1.A__1.H,36.715,2,47.9064844253886,17
6cq9__1__1.A__1.F,66.22,2,89.63285558320676,17
6ddh__1__2.A__2.B,93.8,2,128.622723497833,17
6dft__2__1.E_1.F_1.G_1.H__1.T_1.U,76.685,2,104.50331119155986,33
6dte__1__1.A__1.C,85.5,2,116.89889306576003,17
6e07__4__1.F__1.QA,130.825,2,180.95569637344934,18
6e08__1__1.A__1.B,54.724999999999994,2,73.4047549549755,17
6e1a__1__1.A__1.B_1.C_1.G,98.81,2,135.72207558094593,25
6e6i__1__1.F_1.G_2.G__2.V_2.W,82.535,2,112.73403412457128,29
6el3__3__1.A__1.G,2.8600000000000003,2,0.01414213562373112,17
6eut__1__1.A__1.C,31.86,2,41.02633544444348,17
6ex0__1__2.B__2.D,52.05,2,69.62173367562747,17
6f1q__1__1.A_3.A__3.D,3.205,2,0.007071067811865324,21
6f22__1__1.A__1.C,28.865,2,36.81905009638353,17
6f5w__1__1.B__1.HA,40.169999999999995,2,52.8208765546351,18
6f83__1__1.A__1.C,2.87,2,0.04242640687119305,17
6fgx__1__1.A__1.C_1.D,56.905,2,76.47359838532512,21
6fhv__1__3.A__3.G,59.775,2,80.4899649024647,17
6fhy__1__1.A__1.C,59.415,2,79.9808480200104,17
6fl8__1__1.A__1.C_1.D_1.E_1.G,70.04,2,95.03515139147198,29
6fl8__2__1.B__1.J_1.K_1.L,61.445,2,82.89412795849897,25
6flu__1__1.B__1.R,59.565,2,80.19298005436634,17
6fns__2__1.B__1.E,39.214999999999996,2,51.4278761956976,17
6fnt__2__1.B__1.D,38.614999999999995,2,50.57934805827374,17
6fxk__1__2.A__2.B,73.335,2,99.6808429438676,17
6fxr__1__1.A__1.B,136.67499999999998,2,189.28541425582688,17
6g27__1__1.A__1.B,46.12,2,61.19302084388382,17
6g3y__1__1.A__1.D,72.86,2,99.0232336373641,17
6g9s__1__1.A__1.B,157.545,2,218.8141934381771,17
6gbx__1__1.A__1.D_1.F,81.815,2,111.72994249528637,21
6gid__1__1.A__1.C,75.85,2,103.19516364636475,17
6gw2__1__1.A__1.C,81.11999999999999,2,110.69049552694214,17
6gw4__1__1.A__1.B,36.434999999999995,2,47.49636249230039,17
6gwv__3__1.O_1.P__1.CA,33.510000000000005,2,43.37392995798283,22
6gxv__2__1.B__1.D,154.565,2,214.5574106154341,17
6gy9__1__1.A_1.B__1.C,34.955,2,45.360900013117025,21
6h15__1__1.D__1.G,69.085,2,93.67043530378194,17
6h6m__1__1.C_1.D__1.X,36.544999999999995,2,47.69435239103263,21
6h7e__1__1.A__1.C,66.02,2,89.29344432823721,17
6hbz__1__1.A_1.B__1.C_1.D,116.38499999999999,2,160.60516321090054,25
6hmh__1__1.A__1.B_1.D_1.E,70.24000000000001,2,95.33213623957035,25
6hph__1__1.A__1.B_1.C,48.224999999999994,2,64.16994039267918,21
6hso__1__1.A_2.A__1.L_1.M_1.N,47.025,2,62.487026253455205,29
6hto__1__1.B__1.O_1.P_1.Q,3.15,2,0.028284271247461926,25
6hvh__1__1.A__1.B_1.C,49.169999999999995,2,65.54879861599295,21
6hvj__1__1.A__1.B,48.410000000000004,2,64.44571203734195,17
6i1g__2__1.B__1.D,136.76,2,189.41976454425233,17
6i1h__2__1.B__1.D,110.41499999999999,2,152.11988183666196,17
6i34__1__1.B__1.L,256.205,2,358.26979282378807,17
6i35__2__1.C__1.N_1.P,150.645,2,209.0561198578028,21
6i5p__4__1.G__1.H,29.36,2,37.50494367413448,17
6i6r__2__1.B__1.M,57.285000000000004,2,76.99685740340317,17
6i6x__1__1.A__1.G,135.07000000000002,2,186.98731721697067,17
6i6x__2__1.B__1.E,110.95,2,152.8482018212841,17
6i6x__2__1.B__1.S,57.59,2,77.42819253992695,17
6iik__1__1.B__1.D,40.084999999999994,2,52.70066840183338,17
6iil__1__1.B__1.D,80.11,2,109.27628196456905,17
6imj__1__1.A__1.E_1.G_1.H,44.169999999999995,2,58.43530439725628,25
6iqx__2__1.B__1.Q,123.96,2,171.31783094587675,17
6iqy__2__1.B__1.S,129.07500000000002,2,178.5515333174151,17
6jd5__2__1.B__1.E_1.F,69.835,2,94.73109547556177,21
6jo0__1__1.A__1.B,51.565000000000005,2,68.86512941975786,17
6kal__1__1.A__1.G_1.H,72.795,2,98.93130975580986,21
6kfe__1__1.A_2.A__1.D,45.85,2,60.79704104641936,21
6kx8__2__1.B__1.D,111.45,2,153.51288219559947,17
6l3r__1__1.A__1.E,71.13499999999999,2,96.56957310664679,17
6lel__1__1.A_2.B__1.C,60.61,2,81.69911749829369,21
6lfr__1__1.A__1.B,48.5,2,64.54470698670805,17
6lft__1__1.A__1.B_1.C,41.910000000000004,2,55.25332388191683,21
6lil__1__1.B__1.K,90.81,2,124.39422494633745,17
6lq9__1__1.C__1.J,209.525,2,292.3391565459544,17
6lsa__2__1.D__1.E,57.12,2,76.73522789436413,17
6m06__2__1.B__1.D,73.29,2,99.64548760480828,17
6m3z__1__1.A_1.B_1.C__1.E_1.L,59.215,2,79.72628957878324,29
6m47__1__1.A__1.G,58.315,2,78.42521310139999,17
6mcj__1__1.A__1.C,44.165,2,58.44237546506815,17
6ms8__1__1.A__1.I,49.48,2,65.97306268470489,17
6mx3__1__1.A_1.B__1.C_1.D,42.714999999999996,2,56.37762366400343,25
6o9x__1__1.A__1.B,80.63499999999999,2,110.0046019491912,17
6oa1__1__1.A__1.B,90.715,2,124.25987465791201,17
6oa3__1__1.A__1.B,50.589999999999996,2,67.51455546769155,17
6oug__1__1.A_1.B_1.C_1.D__1.I,29.5,2,37.674649301619255,29
6pai__1__1.B_1.C__1.G,49.63,2,66.2134789903083,21
6pe3__1__1.A__1.B,64.855,2,87.70245407056748,17
6peu__1__1.A_1.E__1.I_1.J_1.K,25.27,2,31.74909447527598,29
6pgu__1__1.A__1.C,59.535000000000004,2,80.13641151187143,17
6pia__1__1.A_1.B__1.J_1.L_1.Q,69.81500000000001,2,94.73109547556177,29
6pyy__1__1.D__1.P,66.71,2,90.31167809314584,17
6q8n__2__1.B__1.W,73.97,2,100.57886855597452,17
6qp8__1__1.B__1.I,108.35000000000001,2,149.227815101609,17
6qpl__1__1.A__1.E_1.F,44.13,2,58.392877990385095,21
6qpv__2__1.B_3.B__3.H,3.21,2,0.0,21
6qvg__1__1.A_1.B__1.L,88.995,2,121.84156946625401,21
6r4g__1__1.B__1.F_1.G,129.28,2,178.79902069083042,21
6r4j__1__1.B__1.G_1.H,138.075,2,191.25117110752552,21
6r4y__1__1.A_1.D__1.D_1.E,40.97,2,53.909820997662386,25
6r58__2__1.B__1.F_1.J,32.335,2,41.712229022194435,21
6rms__1__1.A_2.A__2.E_2.F,2.91,2,0.01414213562373112,25
6rtw__1__1.A__1.D,62.0,2,83.65073221436857,17
6sh1__1__1.A__1.D,138.135,2,191.3360239212679,17
6t7g__2__1.B__1.L_1.M,141.725,2,196.44133488143476,21
6tez__1__1.A__1.C_1.I,127.53,2,176.3382890923012,21
6tlk__2__1.D__1.R,56.535000000000004,2,75.93619723162334,17
6tn2__1__1.A__1.B,105.055,2,144.55383927796592,17
6tsr__1__2.A__2.B_2.F,2.9050000000000002,2,0.03535533905932741,21
6tvn__4__1.D__1.L,60.400000000000006,2,81.35970624332417,17
6u5y__2__1.B__1.D,38.809999999999995,2,50.92583038105515,17
6uik__1__1.A__1.C,37.980000000000004,2,49.69546458179056,17
6ujj__1__1.A__1.B,37.565,2,49.15099236027691,17
6ul2__3__1.C__1.W,102.61,2,141.08194498233996,17
6uux__1__1.A__1.C,2.93,2,0.028284271247461926,17
6w8z__1__1.A__1.E,28.404999999999998,2,36.2109382645631,17
6wia__1__2.A__2.C,2.88,2,0.07071067811865497,17
6wk8__1__1.A_1.B_1.D__1.F,58.620000000000005,2,78.88483250917125,25
6wk9__2__1.E_1.F_1.G__1.Q_1.R_1.U_1.V,63.69,2,86.02661099915537,37
6wo4__1__1.B__1.E,28.62,2,36.48670990922585,17
6wqt__1__1.A__1.C,58.815,2,79.14646201821026,17
6wuu__1__1.A__1.E,37.635000000000005,2,49.16513449590065,17
6wv7__1__1.A__1.C,42.339999999999996,2,55.84729357811352,17
6wvh__1__1.A__1.C,43.654999999999994,2,57.749410819505336,17
6x5t__2__1.D__1.Q,50.985,2,68.08731196045265,17
6x5u__4__2.F__2.X,50.595,2,67.53576867112714,17
6x6v__3__1.C__1.G,45.35,2,60.13236067210401,17
6x81__2__1.D_1.E_1.F__1.I_1.J,34.835,2,45.24776292812717,29
6x82__2__1.D_1.E_1.F__1.H,35.755,2,46.52055513426296,25
6x9f__1__1.A__1.I,38.885,2,50.94704358449074,17
6xhq__1__1.A_1.B__1.C,63.15,2,85.3053620823451,21
6xoo__1__1.A__1.B,65.625,2,88.8055406492185,17
6xop__1__1.A__1.B,73.015,2,99.22829460390822,17
6xug__1__1.B__1.H_1.I_1.K_1.L,99.00999999999999,2,135.8917812084307,29
6xuq__1__2.A__2.B_2.C_2.E,56.31,2,75.5755727732182,25
6y5m__1__1.A__1.I,173.47,2,241.29311801209747,17
6y87__6__1.F__1.O,78.495,2,106.96404279008904,17
6y88__6__1.F__1.U,61.52,2,82.95776756880576,17
6yab__2__1.B__1.I,61.895,2,83.47395551907194,17
6yf4__1__1.A__1.C_1.D,3.26,2,0.014142135623730807,21
6yh0__1__1.A__1.D,2.95,2,0.04242640687119305,17
6ykb__1__1.A__1.C,62.1,2,83.86286424872455,17
6yx0__2__1.B_1.D__1.D_1.F,27.66,2,35.12906488934768,25
6yy6__1__1.A__1.E,36.88,2,48.153971798803894,17
6yyd__1__1.A__1.B,37.17,2,48.592378003139544,17
6z3v__1__1.A_1.B__1.D_1.I,29.19,2,37.25038523290733,25
6z4o__1__1.A_1.B__1.D_1.H,29.185,2,37.27159843634292,25
6zbn__1__1.A__1.G_1.H,61.675000000000004,2,83.16282853534986,21
6zbo__1__1.A__1.G_1.H,65.275,2,88.31056590238792,21
6zc8__1__1.A__1.C,27.05,2,34.20982607380517,17
6zxb__1__1.B__1.L_1.N_1.O,101.97000000000001,2,140.16270616679745,25
7a0c__2__1.B__1.T_1.U,52.61,2,70.35712472806148,21
7a5x__1__1.B__1.G,49.839999999999996,2,66.45389529591174,17
7a9z__2__1.B_2.A__2.C,28.29,2,36.02001943364273,21
7ac8__3__1.E__1.K,60.935,2,82.1304526348175,17
7akw__1__1.A__1.D,49.505,2,65.99427588814048,17
7bht__1__1.A_2.A__2.C,43.725,2,57.820121497623994,21
7bhx__1__1.A_2.A__1.C_2.C,43.964999999999996,2,58.21610129508846,25
7bo7__1__1.A__1.C,62.71,2,84.6689659792772,17
7c1y__1__1.A_1.B__1.D,276.545,2,387.06318095370426,21
7c6b__2__1.B__1.E,27.195,2,34.44317131159673,17
7cbb__1__1.A__1.C,80.41000000000001,2,109.71468816890471,17
7cfd__1__1.A__1.B,48.095,2,64.0002347651944,17
7cfd__5__1.G__1.H,46.985,2,62.51531052470266,17
7coz__1__1.A__1.D_1.F_1.G,77.88000000000001,2,106.0943014492296,25
7cpr__1__1.F_1.J__1.P,85.405,2,116.6796899635922,21
7crz__1__1.A__1.B_1.C,128.16,2,177.25752790784375,21
7cta__1__2.B__2.E_2.F,88.97,2,121.79207199157095,21
7d2f__1__1.A__1.C,70.295,2,95.33920730738221,17
7d7u__3__1.C__1.F,27.225,2,34.51388198971539,17
7db7__1__2.A__2.C,36.805,2,48.04790578162591,17
7e8q__1__1.A_1.C_1.D__1.J,109.94000000000001,2,151.47641466578222,25
7ee5__1__1.A__1.H,50.255,2,67.06907819554404,17
7eek__1__1.A__1.I,3.255,2,0.007071067811865324,17
7em1__1__1.A__1.D,59.165,2,79.68386317191204,17
7erb__2__1.C__1.L_1.M,33.754999999999995,2,43.70627014514049,21
7ere__1__1.A_1.B__1.G_1.I,36.835,2,48.0903321884971,25
7f4c__1__1.A__1.C_1.D,62.91,2,84.9376665561281,21
7k4g__1__1.A__1.G_1.H_1.I,38.589999999999996,2,50.57227699046188,25
7k4h__1__1.A__1.G_1.H_1.I,79.83,2,108.88030216710459,25
7k4i__1__1.B__1.J_1.K_1.L,38.92,2,51.02482533042127,25
7k5m__1__1.B__1.I,56.05,2,75.26444578949612,17
7kcy__1__1.A__1.B,71.67,2,97.35446163376385,17
7khx__1__1.B__1.E,44.620000000000005,2,59.04341622907672,17
7kid__1__1.A__1.G,63.845,2,86.25995623694693,17
7li5__1__1.A__1.C,41.945,2,55.28867922097616,17
7loo__1__1.C_1.D__1.FA_1.HA,96.68,2,132.72394282871497,27
7m2o__1__1.A__1.B_1.C,79.14,2,107.90449480906715,21
7mfp__1__1.A_1.B__1.I,42.25,2,55.73415649312367,21
7n4w__1__2.A__2.D,30.915,2,39.68990362800091,17
7n54__1__1.B__1.H,65.63,2,88.79846958140662,17
7n8l__2__1.B__1.J_1.M,47.055,2,62.61430547406878,21
7nag__2__1.B__1.D,29.275000000000002,2,37.370593385709036,17
7nah__2__1.B__1.D,29.86,2,38.1979083196973,17
7nim__1__1.A__1.C,2.8499999999999996,2,0.01414213562373112,17
7nn0__2__1.B__1.J,132.595,2,183.51542292134468,17
7oa4__4__1.D__1.S_1.T_1.U_1.V,40.415,2,53.12493247054532,29
7okt__1__1.A__1.E,27.445,2,34.81086683781374,17
7ow2__1__1.A_1.C_1.E_1.G__1.E_1.G,27.325,2,34.58459266783404,33
7p3b__1__1.A__1.C_1.D_1.E,52.365,2,70.03892667652754,25
7plr__3__1.C__1.O_1.P_1.Q_1.R,29.869999999999997,2,38.240334726568484,29
7pwy__1__1.A_1.B__1.I_1.J,92.42999999999999,2,126.68525091738185,25
7pxn__1__1.A__1.C,2.825,2,0.03535533905932741,17
7pz1__1__1.A__1.D,84.265,2,115.15233931622926,17
7qea__1__1.A__1.C,91.53999999999999,2,125.46902725374099,17
7qox__1__1.A__1.D,66.25,2,89.67528199007795,17
7qta__2__1.B__1.O,34.47,2,44.731574977860994,17
7qu9__2__1.B__1.G,94.98,2,130.24906909456206,17
7r2v__2__1.B__1.L,111.47500000000001,2,153.6048060771537,17
7rbw__2__1.B__1.D,85.6,2,117.02617228637361,17
7rf9__2__1.C_1.D__1.GA,110.525,2,152.26130319289928,22
7rgy__1__1.A__1.D,28.445,2,36.19679612893937,17
7rgz__1__1.A__1.D,28.584999999999997,2,36.46549670579025,17
7rtc__2__1.B__1.E,37.705,2,49.292413716514226,17
7s2r__1__1.A__1.C,30.97,2,39.79596964517889,17
7s7t__1__1.A__1.B,53.29,2,71.36121635734638,17
7siy__1__1.A__1.B,38.614999999999995,2,50.57934805827374,17
7ssi__2__1.E__1.N_1.O,69.355,2,94.05227296562269,21
7t78__2__1.B__1.I,79.61999999999999,2,108.5691751833825,17
7t8f__1__1.A_1.B__1.E_1.H,44.03,2,58.26559876977152,25
7t9z__2__1.B__1.E,45.195,2,59.913157569936175,17
7ta0__2__1.C_2.C__2.H,128.175,2,177.22217256878443,21
7tfp__2__1.B_2.C__2.F_2.G,45.43,2,60.24549775709385,25
7u0r__1__1.B__1.I_1.J_1.K_1.L,72.895,2,99.07273111204717,29
7u8y__1__1.B__1.G_1.H_1.I_1.J,64.285,2,86.88221020439109,29
7uas__1__1.A__1.C,39.685,2,52.07841443438923,17
7uxs__1__1.A_1.B__1.C_1.F,46.87,2,62.29610742253484,25
7v0j__3__1.C__1.F,97.105,2,133.2966993214761,17
7v3d__1__1.A_1.B__1.F,110.59500000000001,2,152.4027245491366,21
7vbt__1__1.B__1.D,71.51,2,97.11404532816044,17
7vbv__1__1.B__1.N,95.12,2,130.47534326454175,17
7vf3__2__1.C__1.G,48.97,2,65.26595590351835,17
7vjt__1__1.A__1.C,82.46,2,112.62796810739329,17
7vtf__1__1.A_1.B__1.F,36.915,2,48.18932713786321,21
7vzn__1__1.A_1.B__1.S_1.T_1.U,76.51,2,104.15682886877845,29
7w2f__1__1.A__1.M,49.035,2,65.3154533782014,17
7w2g__1__1.A__1.M,53.904999999999994,2,72.20267342695837,17
7w81__1__1.A_1.B__1.C_1.D,2.885,2,0.021213203435596444,25
7wmi__1__1.B__1.F_1.G,48.305,2,64.29721961329277,21
7x11__1__1.D__1.P,60.684999999999995,2,81.74861497297675,17
7y4o__1__1.B__1.D,102.175,2,140.41019354021273,17
7y4p__1__1.A__1.E,70.485,2,95.66447642672802,17
7ygg__2__1.D__1.I,2.8449999999999998,2,0.007071067811865481,17
7z5u__1__1.A__1.B_1.C,43.095,2,56.91502481770521,21
7zbv__1__1.A__1.B_1.E,83.95,2,114.67857777283427,21
7zm0__1__1.A__1.K,44.404999999999994,2,58.76764458441396,17
7zns__1__1.A__1.C,90.885,2,124.52857523476288,17
8a0v__2__1.B__1.L,48.365,2,64.39621456265888,17
8a1n__1__1.A__1.C,91.255,2,125.03769211721719,17
8ak6__2__1.B__1.P_1.Q,36.16,2,47.093311627024065,21
8akb__2__1.B__1.K,81.295,2,110.93798290035745,17
8b0d__1__1.A__1.C,87.36,2,119.54347242739772,17
8b0e__1__1.A__1.B,86.405,2,118.19289847533142,17
8b18__1__1.A__1.C,48.92,2,65.16696095415222,17
8b1a__1__1.A__1.C,48.544999999999995,2,64.73562581762842,17
8b1b__1__1.A__1.C,48.81,2,65.01139746229117,17
8b1e__1__1.A__1.C,51.559999999999995,2,68.88634262319346,17
8b1f__1__1.A__1.C,48.56,2,64.67198620732164,17
8b1h__1__1.A__1.C,49.265,2,65.66900676879467,17
8b6m__1__1.A_1.B__1.E,28.075,2,35.67353711086132,21
8bf4__1__1.B__1.H,78.72500000000001,2,107.33173831630606,17
8bnx__1__1.A__1.C,90.88,2,124.53564630257475,17
8bq4__1__1.B__1.D,62.11,2,83.87700638434826,17
8bv3__1__1.B_1.C__1.I_1.L,79.84500000000001,2,108.87323109929274,25
8bzx__1__1.A_1.B__1.C_1.D,60.089999999999996,2,80.97786858148342,25
8caa__1__1.B__1.F,45.415,2,60.19600028241079,17
8cb6__1__1.B__1.E,3.3449999999999998,2,0.021213203435596132,17
8cov__1__1.B__1.T,138.85999999999999,2,192.36132875398837,17
8dc6__3__1.C__1.U,59.03,2,79.56365501911033,17
8e0t__1__1.B__1.E,71.035,2,96.44229388603321,17
8e1s__1__1.A__1.C_1.E_1.F,78.235,2,106.63877367074322,25
8e1v__1__1.A__1.C_1.D,74.145,2,100.79807165814233,21
8ede__1__1.A__1.C,46.769999999999996,2,62.11225965942633,17
8eg6__2__1.G_1.H__1.AA,43.305,2,57.22615180142729,22
8ep7__2__1.B_2.B__2.E,76.69,2,104.46795585250054,21
8ez1__1__1.A_1.B__1.D,46.915,2,62.33146276159416,21
8ez1__1__1.A_1.B__1.E,46.42,2,61.64556918384322,21
8f1g__1__1.A__1.C,38.485,2,50.36721602391778,17
8fg8__2__1.B__1.GA_1.Q_1.R,187.42999999999998,2,261.0496814784496,26
8fvb__1__1.B_2.A_2.B__2.E,57.34,2,77.07463914933368,25
8g9d__1__1.A__1.B,59.879999999999995,2,80.6525994621376,17
8gen__1__2.A_3.A__2.B,63.025,2,85.12858538704846,21
8get__1__1.C__1.P,164.54500000000002,2,228.67126196791762,17
8gkf__1__1.A__1.J,52.75,2,70.54097249116998,17
8gm5__1__1.A__1.D,2.995,2,0.021213203435596444,17
8gmi__1__1.B__1.K,43.3,2,57.19079646236796,17
8hq3__1__1.C__1.JA,198.685,2,276.95251298733507,18
8hx7__1__1.A__1.C,2.895,2,0.007071067811865324,17
8i5q__2__1.B__1.D,94.235,2,129.30861707558392,17
8iw3__1__1.A_1.B__1.F,40.589999999999996,2,53.37241984396061,21
8iw6__1__1.A_1.B__1.F,80.655,2,110.01874408481493,21
8jnv__1__1.B__1.E_1.F,90.22500000000001,2,123.59519428359664,21
8jyf__1__1.B__1.F,68.04,2,92.2067242667258,17
8k5y__1__1.A__1.H,66.13000000000001,2,89.51971849821692,17
8odp__1__1.A_1.B__1.I_1.J_1.K_1.L,43.41,2,57.36050208985273,33
8oep__2__1.C__1.D,81.22500000000001,2,110.86727222223878,17
8og5__1__1.A__1.D,91.34,2,125.1437581343952,17
8og9__1__1.A__1.C,35.794999999999995,2,46.591265812381614,17
8ogh__1__1.A_1.B__1.M_1.R,59.760000000000005,2,80.49703597027657,25
8ome__1__1.A_1.D__1.H,37.315,2,48.740870427188725,21
8one__1__1.A__1.F_1.K,134.86499999999998,2,186.71154557230787,21
8oo5__1__1.A__1.B_1.D_1.E,86.54,2,118.38381730625179,25
8p0m__1__1.C__1.L,2.875,2,0.0212132034355966,17
8ppd__2__1.B__1.L,53.475,2,71.60870373076166,17
8pw1__10__1.J__1.T,32.54,2,42.002142802480925,18
8q0u__1__1.A__1.D,79.165,2,107.91156587687901,17
8qdy__1__1.A_2.A__2.B,44.005,2,58.216101295088464,21
8qe3__1__1.A_2.A__2.B,45.24,2,59.96265504461923,21
8qhq__2__1.C_1.D__1.O,40.915,2,53.86032352297933,21
8qth__1__1.A__1.B,103.07000000000001,2,141.74662535665533,17
8qtj__1__1.A__1.E,91.44500000000001,2,125.3063926940681,17
8qv7__1__1.A__1.E,79.28500000000001,2,108.0812715043638,17
8r3d__1__1.B_1.E__1.J,33.725,2,43.649701602645585,21
8sge__1__1.A__1.H,71.215,2,96.69685232726037,17
8sz3__1__1.A_2.B__2.I,63.33,2,85.55992052357225,21
8t5k__1__1.A_2.A__1.B_2.B,28.85,2,36.76955262170047,25
8tjc__1__1.B__1.N,78.53999999999999,2,107.04182453601956,17
8ttj__4__1.D__1.CA,103.11500000000001,2,141.82440710258584,18
8uuf__1__1.A__1.B,59.765,2,80.50410703808843,17
8w6p__1__1.A_1.B__1.E,100.92,2,138.66363979068197,21
8wsm__1__1.A__1.D,112.75999999999999,2,155.43621264042687,17
