protein_id,pymol_rmsd,rdkit_rmsd,difference
1afb__1__1.A__1.D_1.F,2.6016685962677,,
1b5d__1__1.A_1.B__1.D,1.939902663230896,,
1bcj__1__1.B__1.I_1.K,2.564481019973755,,
1ci0__1__1.A_1.B__1.D,1.7574117183685305,,
1dku__2__1.B_3.A_3.B__3.E,2.4007437229156494,,
1dp4__2__1.A__1.C,4.202661514282227,,
1dvr__1__1.A_1.B__1.C,3.689157485961914,,
1e1z__1__2.A__2.B,4.272882461547852,,
1esw__1__1.A__1.B_1.D,5.228649616241455,,
1fj4__1__1.B__1.F,0.5954887270927429,,
1g4s__2__1.B__1.F_1.G_1.H,0.1119140014052391,,
1g4t__2__1.B__1.F_1.G_1.H,3.8203444480896,,
1g60__1__1.A__1.D,2.5419814586639404,,
1g77__1__1.A_2.A__2.D_2.E,0.1542690992355346,,
1gm9__1__1.A_1.B__1.M_1.O,2.162572860717773,,
1gqg__2__1.B__1.Q,2.8220555782318115,,
1gtk__1__1.A__1.B,3.669282913208008,,
1gzf__3__1.C__1.I_1.J,2.563755989074707,,
1h1i__1__1.A_1.C__1.E,4.750492572784424,,
1h36__1__2.B__2.G,5.507538795471191,,
1h3c__1__2.B__2.G,1.435678482055664,,
1h79__1__1.A_2.A__2.B_2.C,2.537869930267334,,
1h7a__1__1.A_2.A__2.B_2.D,1.827748417854309,,
1ia9__1__1.B__1.G,3.248695611953736,,
1isf__1__1.B__1.D,4.202131748199463,,
1isi__1__1.A__1.C,2.923581600189209,,
1itc__1__1.A__1.D,5.186341762542725,1.6760209193844668,3.510320843158258
1j1m__1__1.A__1.B,3.5549113750457764,0.5897233100565187,2.965188064989258
1jcl__1__1.A__1.C,2.296376466751098,,
1jep__5__1.A_2.A__1.E_1.F,2.862377405166626,,
1js4__1__1.A__1.C,6.782507419586182,2.191141039927748,4.591366379658433
1juh__2__1.B_2.D__2.H,4.152158737182617,,
1juh__2__1.B__1.GA_1.X,3.029070854187012,,
1ka1__1__1.A__1.B_1.C_1.D,1.683875322341919,,
1kv3__2__1.B_1.F__1.L,3.3248400688171387,,
1l1y__3__1.C__1.I,2.4616730213165283,0.4358083607141158,2.0258646606024127
1l2a__1__1.A__1.G,2.4532623291015625,0.6033645241889036,1.8498978049126589
1l4u__1__1.A__1.C_1.J,2.723198890686035,,
1l4y__1__1.A__1.B_1.H,2.717663288116455,,
1lhu__1__2.A__2.C,2.561734676361084,,
1lhv__1__2.A__2.D,1.0554972887039185,,
1lor__1__1.A_2.A__1.B,2.0408105850219727,,
1los__1__1.A_1.B__1.E,3.1041712760925293,,
1lqv__2__1.B__1.J,2.778066873550415,,
1m4i__1__1.A__1.D,5.2005295753479,0.4067619563329196,4.7937676190149805
1nfs__1__1.A__1.D_1.E,1.1351147890090942,,
1nme__2__3.A_4.A_4.B__4.C_4.D,1.6111901998519895,,
1nup__1__1.A_1.B__1.E,1.7041653394699097,,
1nx9__1__1.A__1.E,2.699643611907959,,
1o94__1__1.C__1.M,2.2522687911987305,,
1oik__1__2.A__2.C_2.D_2.E,0.0859937742352485,,
1omz__2__1.A__1.C_1.D,2.808828353881836,,
1on6__1__1.A__1.C_1.D,3.0397279262542725,,
1pj6__1__2.A__2.C,1.808214783668518,,
1pwu__2__1.B__1.E_1.F,2.56623649597168,,
1q91__1__1.A__1.B_1.C_1.D,2.3994925022125244,,
1q92__1__1.A__1.C,3.421287298202514,,
1qk0__1__1.A__1.E,3.274943828582764,,
1qk2__1__1.A__1.E,3.2398483753204346,,
1qmg__2__1.D__1.R,5.080990314483643,,
1qnf__1__1.A__1.C,4.197244167327881,,
1qwu__1__1.A__1.C_1.D,1.7326407432556152,1.145924084541425,0.5867166587141903
1r34__1__1.A__1.C_1.D,0.9549723863601683,,
1r6w__1__1.A__1.B_1.C,2.187096118927002,,
1rlz__1__1.A_2.A_3.A_4.A__2.B_3.B,3.783534526824951,,
1rwn__1__2.A_2.B__2.C,3.994931697845459,,
1rwo__1__2.A_2.B__2.C,2.433391094207764,,
1s2g__1__1.A_2.C__1.D,1.2118582725524902,,
1s4m__2__1.B__1.E,0.0602544285356998,,
1tcb__1__1.A__1.C,3.774975538253784,,
1tcc__1__1.A__1.C,2.717293262481689,,
1tfw__2__1.J__1.M_1.N,3.3338279724121094,,
1thz__1__1.A_1.B__1.D,2.0801215171813965,,
1u8v__1__1.A_1.B__1.F,1.219481110572815,,
1ua3__1__1.A__1.B,4.866240978240967,0.687560055705583,4.178680922535384
1ub3__1__1.C__1.G,2.0321898460388184,,
1uhe__1__2.A_2.B_4.A_4.B__4.C,0.2353102713823318,,
1uj5__2__2.A__2.B,2.0559966564178467,,
1uoo__1__1.A__1.B,3.451267004013061,,
1v3c__1__1.B__1.J,2.712340831756592,,
1v3e__1__1.B__1.I,2.7838947772979736,,
1v4s__1__1.A__1.D,4.266334056854248,,
1vhn__1__1.A__1.B_1.E,1.6304218769073486,,
1w19__1__2.A_2.E__2.EA,4.000744342803955,,
1w19__1__2.C_2.D__2.T,3.7236342430114746,,
1w2c__2__1.B__1.H_1.I_1.J,3.4027888774871826,,
1w2x__1__1.A_2.A__2.D,5.690644264221191,,
1wda__1__2.A__2.J,1.6742099523544312,,
1wk9__1__1.A__1.B,1.455129623413086,,
1wop__1__1.A__1.B,4.525432109832764,,
1wxy__1__1.A__1.C,3.162338256835937,,
1x1i__1__1.A__1.B,2.408240556716919,,
1xpg__2__1.B__1.K,2.1800215244293213,,
1xr2__1__1.A__1.D,2.2156262397766118,,
1xuo__1__1.A__1.D,3.668876886367798,,
1xwd__1__1.A__1.J,2.8789165019989014,,
1yk0__1__1.B__1.D,4.333176136016846,,
1yk1__1__1.B__1.D,4.240577697753906,,
1ywq__1__1.A_2.A__2.B,2.320279121398926,,
1z2i__1__1.A_1.B__1.E,3.554484844207764,,
1z82__1__1.A_1.B__1.C_1.J,4.3700270652771,,
1z82__1__1.A_1.B__1.D_1.I,4.372702121734619,,
1zed__1__2.A__2.C,2.9823732376098637,,
1zxv__1__1.A__1.C_1.D,1.6532524824142456,,
2ada__1__1.A__1.B_1.C,2.7785580158233643,,
2bif__1__1.A__1.F_1.H,4.274298667907715,,
2bxa__1__1.A__1.D,3.7299866676330566,,
2c92__1__1.B_1.C__1.J,4.581949710845947,,
2c94__1__1.A_1.E__1.X,3.623655319213867,,
2cc7__1__1.A_2.A_4.A_8.A__1.H_8.H,0.0316373780369758,,
2ccc__1__4.A_5.A_6.A_9.A__4.F_9.F,1.323740005493164,,
2cfm__1__1.A__1.C,1.526373028755188,,
2d3n__1__1.A__1.E,5.749812126159668,0.7059623487055081,5.0438497774541595
2dew__1__2.A__2.B_2.H,3.8672707080841056,,
2dey__1__2.A__2.B_2.H,2.5481173992156982,,
2dwp__1__1.A__1.B_1.D_1.E,4.394514083862305,,
2e82__1__1.B__1.G_1.H,1.6171904802322388,,
2fqw__1__1.A__1.B,2.597618103027344,,
2gag__1__1.A_1.B__1.H_1.J,3.0077121257781982,,
2gah__1__1.A_1.B__1.G,2.9812731742858887,,
2gfj__1__1.A__1.C_1.D_1.I,2.1185364723205566,,
2gfk__1__1.A__1.C_1.D_1.G,2.3250627517700195,,
2goo__1__1.C__1.H,3.229442358016968,,
2hmv__1__4.A_4.B__4.C,2.729048013687134,,
2hmw__1__4.A_4.B__4.D,3.4336037635803223,,
2hxd__1__1.A_3.A__1.B_1.C,1.746835470199585,,
2i7d__1__1.A__1.C_1.D_1.E,3.4891674518585205,,
2ica__1__1.A__1.B,4.761965751647949,,
2iut__1__1.A_1.B__1.E_1.F,3.807607889175415,,
2j07__1__1.A__1.C,4.119560718536377,,
2j0y__1__1.C__1.H,6.922898769378662,2.3860202658716534,4.536878503507008
2jbs__1__1.A_1.D__1.H,1.5001240968704224,,
2nw8__1__1.A_1.B_2.A__2.D,0.9830170273780824,,
2o7i__1__1.A__1.B,3.026230335235596,0.4900117777504666,2.5362185574851295
2oz2__1__2.A_2.B__2.F_2.L,1.490751028060913,,
2pg2__1__1.B__1.H,1.4791616201400757,,
2q3j__1__1.A__1.C,3.151983976364136,,
2q8i__1__1.A_2.A_2.B__2.F,0.784882664680481,,
2qcx__1__1.B__1.D,2.3080971240997314,,
2qts__1__1.A__1.J,2.994335889816284,,
2qvh__1__1.B__1.E_1.F,2.255013942718506,,
2r1r__1__1.A__1.G,3.3814046382904053,,
2v0n__1__1.A_1.B__1.Q_1.R,3.441159009933472,,
2v91__1__1.A__1.C,4.235130786895752,,
2vfs__1__1.A__1.B_1.C,1.5268398523330688,,
2vft__1__1.A__1.B_1.C,1.395164966583252,,
2vkd__1__1.A__1.D_1.E,3.278843402862549,,
2vkh__1__1.A__1.D_1.E,3.2474796772003174,,
2vxk__1__1.A_2.A__1.B,2.5687367916107178,,
2vzq__1__1.A__1.C_1.F,3.5153496265411377,,
2w08__1__1.D__1.T,2.766774654388428,,
2w0w__1__3.A__3.B,0.6930739879608154,,
2wa9__1__1.A__1.H,3.471780300140381,,
2wbv__2__1.C_1.F__1.R,3.416181802749634,,
2wcx__1__1.A__1.D,2.343871831893921,,
2wgs__1__1.G__1.Y,4.314560890197754,,
2wo3__1__1.B__1.C,2.118927001953125,,
2wzi__1__1.A__1.F,0.0845539644360542,,
2x0q__1__2.A__2.B_2.C_2.D,3.178311347961426,,
2x0u__2__1.B__1.D,2.1834471225738525,,
2x1n__1__1.D__1.E,2.979163885116577,,
2x65__1__1.B__1.J_1.K,1.9888988733291624,,
2xce__1__1.B_1.C__1.M_1.N,1.2477043867111206,,
2xcg__2__1.A_2.A__1.F,2.8654944896698,,
2xd9__1__4.A_4.C__4.F,2.1896493434906006,,
2xjb__1__1.A__1.D_1.G,2.980541229248047,,
2xju__1__1.A__1.B_1.C,3.3031158447265625,2.207156197326928,1.0959596473996345
2xtk__2__1.B__1.L,2.678339958190918,,
2y38__1__1.A__1.B,2.052314043045044,,
2y71__1__1.A_3.A__3.B,0.9005529880523682,,
2ya3__1__1.C__1.D,3.643571138381958,,
2ybe__1__1.A__1.B_1.D_1.E_1.F,2.561521291732788,,
2yc3__1__2.A__2.B,0.0488426014780998,,
2yc5__1__1.A__1.B,1.068237066268921,,
2yqh__1__1.A__1.C,2.976407051086426,,
2yqs__1__1.A__1.B_1.D,1.5630613565444946,,
2yr6__1__1.A__1.D_1.E_1.F,1.5671457052230835,,
2z8g__2__1.B__1.W,2.797020673751831,,
2zgz__1__1.A__1.C_1.E,4.012997627258301,,
2zw9__2__1.B__1.D,0.5487743616104126,,
2zwa__2__1.B__1.H,4.500660419464111,,
2zz5__1__1.A_1.B__1.C,1.212923526763916,,
3a3k__1__1.A__1.C,4.455771446228027,,
3abi__1__1.B__1.F,3.479583978652954,,
3afk__1__1.B__1.D_1.F,3.7501041889190674,,
3arn__1__1.A_1.C__1.D,2.4490249156951904,,
3ayj__1__1.B__1.H_1.I_1.J,1.096091389656067,,
3b03__1__1.A__1.E_1.F,2.930123805999756,,
3b04__1__1.C__1.I_1.J,7.873849868774414,,
3b1d__1__1.A_1.B__1.G_1.K,0.8358396887779236,,
3b1e__1__1.A_1.B__1.F_1.J,3.3042237758636475,,
3b5i__1__1.B__1.E,4.586690425872803,,
3b6p__2__1.D__1.N_1.O_1.P,1.8624900579452517,,
3bex__2__1.C_1.D__1.L,0.1732537597417831,,
3bf3__1__1.A_1.B__1.H,1.384917974472046,,
3bk2__1__2.A__2.E,2.7257916927337646,,
3bos__1__1.A_1.B__1.M_1.P_1.U,2.8905601501464844,,
3bqn__3__1.A_1.B__1.D,1.1438807249069214,,
3bwk__1__1.B_1.D__1.G,0.8523975014686584,,
3c9z__1__1.A__1.D,4.094310283660889,,
3ca5__2__2.A__2.D,4.014800548553467,,
3cde__1__1.A__1.C,6.270732879638672,,
3cxq__1__1.A_2.A__2.B,1.9376252889633176,,
3d1r__1__1.A__1.B_1.D,1.7749385833740234,,
3ddb__1__1.A_1.B__1.B_1.C,6.15841007232666,,
3ddu__1__1.A__1.B_1.G,2.482471227645874,,
3e08__1__1.A_1.B_1.D__1.R,1.3283240795135498,,
3ej2__1__3.A_4.A__3.B_4.B,1.3202507495880127,,
3ek5__1__1.A_1.C_1.D_1.E_1.F__1.K_1.L,3.716408014297485,,
3elh__2__1.F__1.Q_1.R,1.9141967296600344,,
3elm__1__2.A__2.C_2.I,2.5320043563842773,,
3f6k__1__1.A__1.C,3.912163734436035,,
3g1b__1__1.B__1.D,3.3983285427093506,,
3g1h__1__1.A_1.B__1.O,2.0323143005371094,,
3g1v__1__1.A_1.B__1.C,0.0,,
3gnc__1__1.A__1.F,0.0624670721590518,,
3h65__1__2.A__2.B_2.C_2.D_2.E_2.F,3.306161403656006,,
3hf6__1__1.A__1.C,3.094759464263916,,
3hf8__1__1.A__1.C,7.878895759582519,,
3hhe__1__1.A__1.C,2.1468276977539062,,
3hxu__1__1.A__1.B,1.564702033996582,,
3i26__2__1.C_1.D__1.N,2.272096872329712,,
3i27__2__1.C_1.D__1.L,3.119762897491455,,
3ikg__1__1.A__1.C,2.935109138488769,,
3inb__1__1.A__1.F,3.1140925884246826,,
3it3__1__1.B__1.D,2.1697824001312256,,
3jsa__1__2.A__2.B,3.288536787033081,,
3ju4__1__1.A_2.A_3.A__1.B,2.628718137741089,,
3jvv__1__2.B__2.G_2.H,3.750568866729736,,
3k42__1__1.B__1.I,2.825077772140503,,
3k43__1__1.B__1.G,2.9784393310546875,,
3k56__2__2.B__2.F_2.G,1.2534024715423584,,
3kqn__1__1.A__1.C_1.D_1.E,2.370927333831787,,
3l4t__1__1.A__1.B,2.2564339637756348,,
3l4x__1__1.A__1.C,3.992597818374634,,
3l9h__1__1.A__1.D,4.555746555328369,,
3le7__1__1.A__1.C,2.9665675163269043,,
3lhu__1__1.A_1.B__1.C,2.052781820297241,,
3lhw__1__1.A_1.B__1.C,2.2593045234680176,,
3lhy__1__1.A_1.B__1.C,2.053239583969116,,
3li1__1__1.A_1.B__1.C,2.045740365982056,,
3ltp__1__1.A_1.B__1.D,1.2765562534332275,,
3lts__1__1.A_1.B__1.C,2.083274602890014,,
3lty__1__1.A_1.B__1.C,1.2978601455688477,,
3lu6__1__1.A__1.D,2.4342169761657715,,
3lu8__1__1.A__1.C,4.321456432342529,,
3lv5__1__1.A_1.B__1.C,2.014225959777832,,
3lv6__1__1.A_1.B__1.D,2.2762539386749268,,
3maw__1__1.A__1.C,4.73554801940918,,
3n13__1__1.A__1.B,2.49504828453064,,
3n15__1__1.A__1.B,4.443922519683838,,
3n2v__1__1.A__1.B_1.G,2.1284682750701904,,
3n5h__1__2.A__2.B_2.D,1.619744896888733,,
3n5j__1__2.A__2.B_2.D,1.7649198770523071,,
3n76__1__12.A_7.A__12.B,2.957382678985596,,
3nkn__1__1.A__1.D,4.644377708435059,,
3nkp__1__1.A__1.D,4.468811988830566,,
3nq7__1__1.A_1.B__1.D,2.2773680686950684,,
3nqa__1__1.A_1.B__1.C,1.304118037223816,,
3nqc__1__1.A_1.B__1.C,2.2765469551086426,,
3nqd__1__1.A_1.B__1.C,1.3036733865737915,,
3nqe__1__1.A_1.B__1.C,2.1032052040100098,,
3nqf__1__1.A_1.B__1.C,2.0883047580718994,,
3nqg__1__1.A_1.B__1.E,2.2655506134033203,,
3nqm__1__1.A_1.B__1.C,1.9463499784469604,,
3ntp__1__1.A__1.B,2.0029730796813965,,
3nwd__3__1.C_3.C__3.O,2.9343769550323486,,
3nwd__4__3.D__3.F,4.069959163665772,,
3ogm__2__1.E_1.F__1.CA_1.DA_1.EA_1.FA,2.447986602783203,,
3oha__1__1.A__1.D_1.H_1.I,1.5801926851272583,,
3ohb__1__1.A__1.D_1.E_1.F,1.7870500087738037,,
3oky__1__2.B__2.C,3.08918571472168,,
3ova__1__2.A__2.C_2.E,3.2160439491271973,,
3p5p__1__1.A__1.B_1.C_1.E,2.998531579971313,,
3p5y__1__1.A_1.B__1.E,2.102832078933716,,
3p5z__1__1.A_1.B__1.C,2.015714168548584,,
3p60__1__1.A_1.B__1.D,1.314927101135254,,
3p61__1__1.A_1.B__1.D,2.1042943000793457,,
3pde__1__1.B__1.J_1.K_1.L_1.M,2.244662046432495,,
3phe__1__1.A__1.E,2.126722574234009,,
3plf__2__1.D__1.C,5.61488151550293,,
3q9b__1__1.A_1.I__1.FE_1.IE_1.T,3.9889132976531982,,
3qcp__1__1.A__1.B,1.7232131958007812,,
3qez__1__1.A_1.B__1.E,2.1055824756622314,,
3qf0__1__1.A_1.B__1.D,1.2937510013580322,,
3qkv__1__1.A__1.C,1.1022051572799685,,
3qmr__1__1.A_1.B__1.C,1.2879869937896729,,
3qms__1__1.A_1.B__1.C,1.9366720914840696,,
3qmt__1__1.A_1.B__1.E,2.016287326812744,,
3qw7__1__1.A_1.B__1.B_1.C_1.F_1.G,3.960742473602295,,
3r1r__1__1.A__1.G,3.8015313148498535,,
3r77__1__1.A_1.B__1.C,4.042558193206787,,
3rer__1__1.B_1.C__1.I,2.3115153312683105,,
3rlu__1__1.A_1.B__1.D,2.271092176437378,,
3rlv__1__1.A_1.B__1.D,2.014259099960327,,
3rou__1__1.A_1.B__1.D,0.7661027312278748,,
3s1e__1__1.A__1.B,4.446968078613281,,
3s1f__1__1.A__1.B,4.371610641479492,,
3sj3__1__1.A_1.B__1.C,2.014495611190796,,
3sw6__1__1.A_2.A__2.B,0.0,,
3t44__1__1.A__1.B_1.C,1.5799672603607178,,
3tay__1__1.A__1.C_1.H,3.414768695831299,,
3thc__2__1.B__1.P,2.9680159091949463,,
3thd__2__1.B__1.P,2.955637693405152,,
3thq__1__1.A_1.B__1.C,2.067340135574341,,
3tz3__1__1.A_2.A__1.D,4.229118347167969,,
3ue1__1__1.B__1.D,3.9452524185180655,,
3uel__1__1.A__1.D,1.027514100074768,,
3v1p__1__1.A_1.B__1.E,1.2860444784164429,,
3vlw__1__1.A__1.C_1.I,2.435908555984497,,
3vph__1__1.A_1.B_1.C_1.D__1.F_1.H_1.Q,2.656428098678589,,
3vv0__1__1.A__1.B,2.058270215988159,,
3vw2__1__1.A__1.E,4.062185764312744,,
3vw9__1__1.A_1.B__1.E_1.F,3.607334613800049,,
3vws__1__1.A__1.D_1.E,1.1872835159301758,,
3w0t__1__1.A_1.B__1.F_1.G,3.7046148777008057,,
3w0u__1__1.A_1.B__1.C_1.F,2.849249124526977,,
3w54__1__1.A__1.E_1.F_1.G_1.H,0.1918293982744217,,
3w6c__1__1.A__1.E,2.7428383827209477,,
3w6f__1__1.A__1.E,2.564633846282959,,
3w81__2__1.B__1.G,4.4159040451049805,,
3was__1__2.A_3.A__2.C_2.E,3.7084248065948486,0.5136499929830115,3.1947748136118372
3wf3__2__1.B__1.Q,2.919196844100952,,
3wgb__1__1.A_1.B_1.D__1.F,2.5932881832122803,,
3wgx__1__1.A__1.C,4.9186692237854,,
3wjw__1__1.A_2.A__2.B,2.786794662475586,,
3wjy__1__1.A_2.A__1.B,2.051101922988892,,
3wno__2__1.B__1.DA_1.G,5.411423683166504,3.541434873032434,1.8699888101340698
3woo__1__1.A__1.C,3.527995586395264,,
3woq__1__1.B__1.D,4.946727752685547,,
3wqy__1__1.A__1.D,1.542546629905701,,
3wsx__1__1.A__1.C,3.0455777645111084,,
3wsy__1__1.A__1.F,2.997503757476806,,
3x0b__1__1.A_1.B__1.E,1.7356947660446167,,
3zds__1__1.A_1.B__1.M_1.N,2.9692506790161133,,
3zds__2__2.F_2.J__2.Y_2.Z,0.7156936526298523,,
3zyg__1__1.A__1.D,3.1122307777404785,,
4a1o__1__1.A_1.B__1.E_1.I,2.2640209197998047,,
4a61__1__1.A__1.B_1.C,3.4175524711608887,,
4a7g__1__1.B__1.O,3.739884614944458,,
4ad4__1__1.A__1.B,4.220155715942383,1.1863274512586388,3.033828264683744
4ad5__1__1.A__1.B,3.2151174545288086,2.349491814148253,0.8656256403805558
4agt__1__1.A__1.J,1.279575228691101,0.4784518050933824,0.8011234235977187
4aha__1__1.A__1.K,1.29248046875,0.5023403219067936,0.7901401468432064
4aqh__1__1.A__1.D,1.8892624378204343,,
4au0__1__1.A__1.F,3.065770149230957,,
4avb__2__1.B__1.J_1.N,0.9103581309318542,,
4avs__1__1.D__1.R,2.781636476516724,,
4ax7__2__1.B__1.T,3.0568807125091557,,
4ay9__3__1.A__1.K,2.7671868801116943,,
4az3__1__1.A_1.B__1.C,3.818678617477417,,
4azm__1__1.A_1.B__1.C,4.739168167114258,,
4bcc__1__1.A__1.B_1.F,2.8177599906921387,,
4bcd__1__1.A__1.B,1.9261599779129028,,
4c49__3__1.C__1.G,1.6697437763214111,,
4c7w__1__1.A__1.M_1.N,3.174890518188477,,
4c7w__1__1.B__1.G_1.R,3.433247327804565,,
4cb5__1__1.A__1.B,3.8625195026397705,,
4cdc__1__1.G_1.H_1.I__1.X,2.039909601211548,,
4cdf__1__1.A_1.B_1.C__1.I,2.7720515727996826,,
4ci9__1__2.A__2.B,2.227745532989502,,
4cix__1__8.A_9.A__8.B,2.649444818496704,,
4cp5__1__1.A_1.B__1.G,1.6404950618743896,,
4cyi__2__1.C__1.M_1.N,3.4263365268707275,,
4cyj__1__1.A__1.G_1.H,3.2724130153656006,,
4d4b__1__1.A__1.C_1.E,2.413891315460205,2.2618825288692945,0.15200878659091055
4dch__1__1.A__1.C,3.2466788291931152,,
4dhl__2__1.B_1.D__1.V_1.W_1.X,2.9616713523864746,,
4edh__1__1.A__1.C_1.D_1.E,2.8614437580108643,,
4efe__1__1.A__1.E,3.599954605102539,,
4ffg__2__1.B__1.F,3.3808939456939697,2.348121919365017,1.0327720263289528
4ffo__1__1.A__1.B_1.C_1.D_1.E,1.89173686504364,,
4fju__1__1.A_1.B__1.E,3.6653892993927,,
4fx8__1__1.A_1.B__1.C,1.3058342933654783,,
4fxr__1__1.A_1.B__1.C,2.076820135116577,,
4fz0__1__1.B__1.K,2.815281867980957,,
4gc4__1__1.A_1.B__1.D,2.105116844177246,,
4gip__1__1.A_1.B__1.G,2.9481656551361084,,
4glx__1__1.D__1.G,0.7370039224624634,,
4gmc__2__1.B__1.E,0.0536550171673297,,
4gmd__2__1.D__1.O,2.493656873703003,,
4gnv__1__1.B__1.G,2.982388496398926,,
4gyz__3__1.C__1.O_1.P,1.8795051574707031,,
4hat__1__1.C__1.G,5.242224216461182,,
4hb0__1__1.C__1.F,5.501466751098633,,
4hsi__2__1.B_2.B__2.K,3.0529465675354004,,
4i02__1__1.A_1.E__1.H,0.8882094025611877,,
4i4v__2__1.D__1.L,2.9788928031921387,,
4i4y__2__1.C__1.H_1.O,3.0524306297302246,,
4ien__2__1.C_1.D_2.C__1.P,2.812362670898437,,
4ih7__1__1.A__1.D,1.3589831590652466,,
4ise__1__1.A__1.C,2.5940937995910645,,
4ixd__2__1.A_2.A__1.C,3.979121446609497,,
4j6w__1__1.C_1.E__1.W,2.8506052494049072,,
4j8t__3__1.C__1.G,3.926635503768921,,
4jaf__1__1.B_3.B__1.H,3.353858470916748,,
4jp4__1__1.A_1.B__1.I_1.N,5.592543125152588,,
4js1__1__1.A__1.C_1.D,1.8680261373519895,,
4jsd__1__1.A__1.B,3.910336971282959,0.7120788992688485,3.1982580720141103
4jt8__1__1.A__1.C,1.904088258743286,,
4jt9__1__1.A__1.C_1.D_1.E,1.1212081909179688,,
4jvo__1__1.A__1.C,1.9460262060165403,,
4k2f__1__1.A_1.B__1.M,2.355257749557495,,
4kax__1__1.B__1.H,2.126498222351074,,
4kgj__1__1.A__1.J,1.1453983783721924,,
4kgq__1__3.A_3.B__3.F,4.495780944824219,,
4kql__1__3.A__3.L,0.454332947731018,,
4kxl__2__1.C_1.D__1.G,1.0932538509368896,,
4l0p__1__1.B__1.C,4.47350025177002,,
4l1r__2__1.B_3.B__1.K,3.147343635559082,,
4l59__1__1.A_2.A__2.B,4.421665668487549,,
4lfe__1__1.B__1.F_1.G_1.H_1.I_1.J,0.3687887787818908,,
4lrh__4__1.D__1.T,1.2544400691986084,,
4m1j__1__1.A_1.B__1.C,0.8695762753486633,1.047662003484487,-0.17808572813582368
4mlp__1__1.A__1.E,2.2816720008850098,,
4mmd__1__1.A__1.D_1.E,0.1314480304718017,,
4mme__1__1.A__1.E,1.8235386610031128,,
4mpe__1__1.A__1.B,3.5271646976470947,,
4mwf__1__1.D__1.I,2.143383741378784,,
4mwf__2__1.C__1.L,2.941547393798828,,
4mws__1__1.A_1.B__1.G,3.160123825073242,,
4my6__2__1.B__1.F,3.380579233169556,,
4myw__2__1.C__1.F,4.35786771774292,,
4n7e__1__1.A__1.E,5.4194536209106445,,
4n7m__1__1.A_1.B__1.C,1.5877233743667605,,
4nbi__1__1.A_1.B__1.C,3.877998113632202,,
4np3__1__1.A__1.B_1.D_1.E,2.8017280101776123,,
4o3f__1__1.A__1.B,7.203935623168945,,
4og7__1__1.A__1.C,1.6000101566314695,,
4p10__1__1.A__1.B_1.C_1.D,2.672213315963745,,
4p3n__1__1.B__1.G,3.925737380981445,,
4p73__1__1.D__1.F,1.3342256546020508,,
4p9o__1__2.A_2.B__2.E,2.7906665802001958,,
4pd9__1__1.A_2.A__2.D,6.456165790557861,0.8741573461314361,5.5820084444264255
4pda__1__2.A_3.A__3.D,6.483480930328369,0.7951041972863119,5.688376733042057
4pht__1__1.A_1.B__1.H_1.I,3.69646430015564,,
4pkr__1__1.A__1.B_1.C_1.E,3.7536544799804688,,
4qnu__6__1.F__1.T,4.839358329772949,,
4r9j__1__1.A_1.C__1.S,2.1930301189422607,,
4rus__2__1.C__1.V,2.73358416557312,,
4s3q__1__1.A__1.D,4.552537441253662,0.9864694206420024,3.5660680206116595
4tlb__1__1.A_1.F__1.V_1.W,3.90252423286438,,
4tlc__1__1.C_1.D__1.M_1.O,3.4535484313964844,,
4tn2__1__1.A__1.B,1.4793248176574707,,
4tsq__3__1.C__1.U,2.08951735496521,,
4tx6__1__1.A__1.C,2.5045859813690186,,
4txe__1__1.A__1.B,2.7237863540649414,,
4u2y__1__1.B__1.D,2.2936766147613525,0.4536928873821853,1.8399837273791673
4unq__1__1.A__1.C,2.974144458770752,,
4uns__1__1.A__1.C,4.032554626464844,,
4wy0__1__1.F_1.K__1.DA,0.8292747139930725,,
4x2a__1__1.A_1.B__1.C_1.E,2.40468430519104,,
4x3l__1__1.A_1.B__1.C,0.6409285664558411,,
4x3m__1__1.A__1.C,1.4173099994659424,,
4x8d__2__1.B__1.T_1.U_1.V,2.0197579860687256,,
4x90__2__1.B__1.R,3.0897932052612305,,
4x91__2__1.B__1.Q,2.808300733566284,,
4x94__1__1.A__1.C,2.961167573928833,,
4x97__1__1.A__1.H,2.8839478492736816,,
4xm6__1__1.A__1.B_1.C,1.9731520414352417,,
4xp1__1__1.A__1.N,2.5505003929138184,,
4xp9__1__1.A__1.H,3.0138533115386963,,
4xph__1__1.A__1.J,2.60591721534729,,
4xqc__1__1.B__1.J,3.34194016456604,,
4yco__3__1.C__1.J,1.6271556615829468,,
4yzl__1__1.A__1.B_1.C,1.9152039289474487,,
4z2j__1__1.A__1.B_1.D,4.810720443725586,,
4z2l__1__1.A__1.B,3.769989490509033,,
4zdk__1__1.B_3.A__3.D_3.F,3.794917583465576,,
4zed__1__1.A__1.B,3.689487218856812,,
4zmm__1__1.A_1.B__1.C_1.D,1.641154408454895,,
4zne__1__1.A__1.F,4.426121711730957,,
4zr5__1__1.A__1.I,2.9592952728271484,,
4zr5__2__1.A__1.G_1.H,2.803382635116577,,
4zwc__1__1.A__1.C,4.245735168457031,0.9621593263572156,3.2835758420998156
5a5w__1__1.A__1.B,3.348308086395264,,
5a88__4__1.D__1.P_1.Q_1.R,2.027719497680664,,
5adv__2__1.C__1.L_1.M_1.N,2.6576263904571533,,
5auo__1__1.B_2.B__1.F_1.G,3.5659215450286865,,
5avw__1__1.B__1.D,4.484226703643799,,
5aw4__1__1.B__1.D,4.152002811431885,,
5ayc__1__2.A_3.A__2.B_2.C,3.656266927719116,0.536838349757312,3.1194285779618043
5bs3__1__1.A_1.B__1.I,6.215225696563721,,
5buh__1__1.A__1.B,3.323255777359009,,
5bvb__1__1.A__1.E,3.8899447917938232,,
5bzb__1__1.C_1.D__1.O,4.039318084716797,,
5bzj__1__1.A__1.D_1.E,3.272562026977539,,
5bzl__1__1.A__1.D,1.3953717947006226,,
5bzm__1__1.A__1.B,2.464522123336792,,
5bzn__1__1.A__1.C,1.5675851106643677,,
5bzo__1__1.A__1.B,2.636833667755127,,
5bzp__1__1.A__1.B,3.124131679534912,,
5bzq__1__1.A__1.B,2.5842363834381104,,
5bzt__1__1.A__1.D,0.808343768119812,,
5cdo__1__1.A_1.C_1.D__1.W,4.476743221282959,,
5d4u__1__1.C__1.P_1.S,0.4697322249412536,,
5d4v__2__1.B__1.I_1.L,4.564378261566162,,
5d61__1__1.A__1.D_1.L,3.9205245971679688,1.8811249111328372,2.0393996860351313
5df1__2__1.B__1.G_1.H,4.526561737060547,,
5dqe__2__1.B__1.E,1.293631076812744,,
5dw5__1__1.B__1.K,4.322801113128662,,
5dw6__1__1.B__1.L,4.322391510009766,,
5e1q__2__1.B__1.D_1.G,4.063274383544922,2.2434517526900803,1.8198226308548415
5e62__2__2.C_2.D_3.D__3.N,2.12397837638855,,
5e64__1__1.A_1.B_2.B__2.H,2.024642944335937,,
5e6m__1__1.B__1.G,1.7166002988815308,,
5eat__1__1.A__1.B_1.C_1.D_1.E,1.5705652236938477,,
5ebb__2__1.B__1.N,3.044401168823242,,
5el2__1__1.A__1.E,2.761221170425415,,
5eno__1__1.C__1.G,4.029791831970215,,
5enr__1__1.C__1.G,1.7788140773773191,,
5eq9__1__1.A__1.E,1.7340312004089355,,
5eqe__1__1.A__1.C,2.681809663772583,,
5erd__1__1.B__1.H,4.21817684173584,,
5ers__1__1.A_2.A__2.B_2.C,2.1036479473114014,,
5erv__1__1.A_2.A__1.B_1.C_1.O,2.542179107666016,,
5etl__1__1.A__1.J,1.892540454864502,,
5ezv__1__1.E__1.K_1.L,0.113569401204586,,
5f2n__1__1.B__1.E_1.F,4.312825202941895,,
5f5x__1__1.A__1.C,1.5935046672821045,,
5f9t__2__1.B__1.G,2.969494104385376,,
5fa1__1__1.B__1.D,2.498075246810913,,
5fbc__1__1.A__1.E,3.0712532997131348,,
5fli__2__1.F__1.W_1.X,2.7450339794158936,,
5flj__2__1.L__1.YA_1.ZA,2.732054710388184,,
5fog__3__1.D__1.M,3.2535719871521,,
5fra__4__1.D__1.L,3.574049949645996,,
5fsc__1__2.A__2.D,2.042604923248291,,
5fux__1__1.A__1.C_1.E_1.F,1.8244465589523315,,
5fuy__1__1.B__1.J_1.K,2.09177303314209,,
5h41__1__1.A__1.C_1.E_1.F,3.902033090591431,1.1138721713026591,2.7881609192887717
5h42__1__1.A__1.C,0.0844728499650955,,
5h47__10__1.J__1.PB,1.1061729192733765,0.8112661425259035,0.294906776747473
5h4j__1__1.A_2.A__2.B,3.8536689281463614,,
5hcn__1__1.A__1.C_1.D,4.149762153625488,,
5hmw__1__1.A__1.D,3.767484188079834,,
5hmx__1__1.A__1.D,3.5285637378692627,,
5hmy__1__1.A__1.D,3.0526437759399414,,
5hmz__1__1.A__1.D,4.506905555725098,,
5hvh__1__1.A__1.E,3.193935871124268,,
5i3q__1__1.A__1.D,4.155118465423584,,
5id7__1__1.A__1.D,0.0950815603137016,,
5iul__2__1.E__1.P_1.Q,3.235359907150269,,
5j1x__1__1.A__1.E,3.3273138999938965,,
5j3z__2__1.B__1.S,2.2830607891082764,,
5j42__1__1.A__1.C_1.D,2.2782468795776367,,
5j61__3__1.E_1.F__1.M,2.9858293533325195,,
5jau__1__1.A__1.E,3.6803812980651855,,
5jgq__2__1.B__1.D,2.1170032024383545,,
5jjr__1__1.A__1.E,3.9592456817626953,,
5jmy__2__1.B__1.M_1.N,4.536558628082275,,
5jqw__1__1.A__1.B,2.784601926803589,,
5k5m__1__1.A__1.D,3.6353561878204346,,
5kgp__1__1.B__1.D_1.L,2.949063539505005,2.453935259059804,0.4951282804452011
5kv8__1__1.B__1.S,2.322701930999756,,
5l58__1__1.A_2.A__1.C_2.C,2.123626470565796,,
5l6v__4__1.N_1.P__1.OA,1.7043863534927368,,
5la4__1__1.A__1.E,3.0908234119415283,,
5la7__1__1.A__1.D,3.039642810821533,,
5lia__1__1.A__1.D_1.M,1.5992088317871094,,
5lnr__1__3.A_3.D__3.N,1.2754381895065308,,
5lrr__1__1.B__1.L,2.872694492340088,,
5lx6__1__1.A__1.C,3.973056077957153,,
5m5e__1__1.A_1.B__1.F_1.K,4.157974720001221,,
5m5u__1__1.A__1.C,4.307618618011475,,
5m77__2__1.B__1.D_1.R,1.9614291191101076,0.8978938290160451,1.0635352900940624
5m7u__1__1.A_1.B__1.D,2.8705804347991943,,
5m8l__4__1.D__1.U,4.5062575340271,,
5m8m__3__1.C__1.Q,4.574825763702393,,
5man__1__1.A__1.B,3.170642614364624,2.2431453069048413,0.9274973074597828
5ml8__1__1.A__1.B,2.2017059326171875,,
5n0m__1__2.A__2.B_2.I,5.35817289352417,,
5n2v__2__1.E_1.F__1.K_1.L_1.M_1.N,1.7496442794799805,,
5nbx__2__1.B__1.D,3.113802194595337,,
5nmt__1__1.B__1.E,2.340081691741944,,
5nn4__1__1.A__1.D,2.930903673171997,,
5np8__1__1.A__1.B,2.8371658325195312,,
5npp__1__1.B__1.O,3.849554300308228,,
5nr3__1__1.A__1.C,2.54990029335022,1.7048573140910772,0.845042979259143
5o1j__1__1.A__1.B_1.D,4.420655250549316,,
5o3w__2__1.B__1.F,3.522514581680298,,
5o3w__4__1.D__1.H,4.607011318206787,,
5oah__1__1.A__1.D_1.E,3.403815031051636,,
5odc__1__1.A_1.G__1.SA,1.1643487215042114,,
5odi__1__1.A_1.G__1.N,1.2174899578094482,,
5oju__1__2.B__2.K,3.5518910884857178,,
5oo2__1__2.B__2.P,2.887686491012573,,
5ost__1__1.A__1.P,2.4650888442993164,,
5ov6__1__1.A__1.B,2.2211673259735107,,
5qpg__1__2.A__2.H,4.2079291343688965,,
5qto__1__1.A_1.B__1.H,2.5302178859710693,,
5qtp__1__1.A_1.B__1.G,1.6094088554382324,,
5rm2__2__1.B__1.H_1.M_1.N,2.7466342449188232,,
5slg__1__1.A__1.G,2.106088161468506,,
5sun__1__1.A_1.B__1.D_1.J,3.0773229598999023,,
5svf__2__1.C__1.L,3.011324644088745,,
5svl__2__3.B__3.T,3.0636494159698486,,
5t2p__1__1.A__1.G,4.566562652587891,,
5t64__1__1.B__1.M,2.7259361743927,,
5tiy__1__1.A__1.C,4.544121265411377,,
5tw8__2__1.B__1.G,3.3020215034484863,,
5u1w__1__1.A_2.A_3.A__3.E,6.089243412017822,,
5u1x__1__1.A_3.A__1.E,2.042274713516236,,
5u1y__1__1.A_2.A__2.E,5.252700805664063,,
5u8z__1__1.D__1.O_1.P,2.903092861175537,,
5ufi__3__1.C__1.G,2.4459004402160645,,
5ui4__1__1.D_1.F__1.L,0.0286746844649314,,
5uj7__1__1.C__1.K,3.725595235824585,,
5us1__4__1.G__1.X,2.1367509365081787,,
5uy8__1__1.A_1.B__1.G,2.4054269790649414,,
5uz0__1__1.A_1.B__1.F,2.576300621032715,,
5v3a__2__2.C_3.C_3.D__3.L,2.780004978179932,,
5v3x__1__1.A__1.C,2.439713716506958,,
5v3y__1__1.A__1.C,3.5889759063720703,,
5vr7__1__1.A_1.B__1.C,2.531524658203125,,
5vro__1__1.A_1.B__1.C,2.537477731704712,,
5vsj__1__1.B__1.E,0.0456784330308437,,
5vt4__1__1.A__1.E,2.31666898727417,,
5vwo__1__1.A_1.B__1.D,2.726969003677368,,
5w6y__1__1.A_1.B__1.D,1.280236005783081,,
5wdk__1__1.F__1.W,3.1720001697540283,,
5wdl__1__1.F__1.V,1.0817657709121704,,
5wgt__2__1.A_2.A__1.O,2.503207206726074,,
5wgu__1__1.A__1.N,2.501283645629883,,
5wgz__1__1.A__1.P,0.5687366127967834,,
5x72__1__1.A__1.B_1.C,0.0315493158996105,,
5xjd__1__1.A_1.B__1.C,1.381285309791565,,
5xmp__1__1.A_1.B__1.G_1.H,3.574759721755981,,
5xpi__1__1.A__1.B,6.436379432678223,,
5y4z__1__1.A__1.B_1.C,3.276974678039551,,
5yea__2__1.B__1.G,0.9397454261779784,,
5yij__1__1.A_1.C__1.E,1.6279866695404053,,
5yjo__1__1.A__1.E_1.F,2.421114921569824,,
5ylt__1__1.A__1.C,2.3269968032836914,,
5zdq__1__2.A__2.E_2.F_2.G_2.H,1.5045403242111206,,
5zk4__2__1.B__1.J_1.N,5.531704425811768,,
5zq7__1__1.A_1.B__1.E,2.806624174118042,,
5zqs__1__1.B__1.D,3.4012436866760254,1.7914094329031258,1.6098342537728996
5zqx__1__1.A__1.E,3.409022569656372,1.6267145071319011,1.782308062524471
6a8p__3__1.C__1.F,3.5079505443573,,
6a9a__1__1.A_2.A__2.C_2.D,2.294364213943481,,
6apl__1__1.A__1.G,2.5091395378112797,,
6apl__3__1.C__1.N,2.686032772064209,,
6apw__1__1.A__1.B,0.0064363400451838,,
6aqn__1__1.A__1.B,1.40377938747406,,
6au0__1__1.A__1.B,1.5774539709091189,,
6b24__1__1.A_1.B_1.C__1.H,6.31505012512207,2.692509721643942,3.622540403478128
6b2a__1__1.A_1.B_1.C__1.I_1.L,6.471987247467041,1.926940577601228,4.545046669865813
6b63__1__1.A_1.B__1.D_1.E_1.F_1.I_1.L,0.850126326084137,,
6bjo__1__1.B__1.D,4.889717102050781,,
6bkx__1__2.A__2.F,1.9502661228179927,,
6bkz__1__1.A_1.B__1.D,5.222157955169678,,
6bl0__1__1.A__1.G,1.339975118637085,,
6bo6__1__3.A__3.B,3.8136277198791504,,
6boi__1__1.A__1.C,0.0,,
6bsl__1__1.A__1.D_1.F,6.904891490936279,,
6btn__1__1.A__1.C_1.D_1.F,1.5874212980270386,,
6bto__1__1.A__1.D_1.F,0.4518655836582184,,
6btp__1__1.A__1.D_1.F,0.1204419806599617,,
6c0m__1__1.B__1.R,4.040543556213379,,
6cfc__1__1.A__1.B,4.108432769775391,,
6cq8__1__1.A__1.H,2.3866114616394043,,
6cq9__1__1.A__1.F,1.232690691947937,,
6ddh__1__2.A__2.B,1.8333866596221924,,
6dft__2__1.E_1.F_1.G_1.H__1.T_1.U,3.644019603729248,,
6dte__1__1.A__1.C,0.0115820756182074,,
6e07__4__1.F__1.QA,2.364945888519287,,
6e08__1__1.A__1.B,2.307234048843384,,
6e1a__1__1.A__1.B_1.C_1.G,4.627474308013916,,
6e6i__1__1.F_1.G_2.G__2.V_2.W,2.823836326599121,,
6eut__1__1.A__1.C,3.972814321517944,,
6ex0__1__2.B__2.D,3.863334655761719,,
6f22__1__1.A__1.C,1.4023332595825195,,
6f5w__1__1.B__1.HA,1.597049593925476,,
6fgx__1__1.A__1.C_1.D,3.3427035808563232,,
6fhv__1__3.A__3.G,3.0916709899902344,,
6fhy__1__1.A__1.C,3.375205993652344,0.7195718706475278,2.655634123004816
6fl8__1__1.A__1.C_1.D_1.E_1.G,2.712132692337036,,
6fl8__2__1.B__1.J_1.K_1.L,2.5487277507781982,,
6flu__1__1.B__1.R,2.851368188858032,1.2911118544770084,1.5602563343810234
6fns__2__1.B__1.E,2.493086576461792,,
6fnt__2__1.B__1.D,1.2219172716140747,,
6fxk__1__2.A__2.B,4.16903829574585,,
6fxr__1__1.A__1.B,4.16301155090332,,
6g27__1__1.A__1.B,2.9425408840179443,,
6g3y__1__1.A__1.D,3.806806087493897,,
6g9s__1__1.A__1.B,2.940566301345825,,
6gbx__1__1.A__1.D_1.F,1.5624984502792358,,
6gid__1__1.A__1.C,2.8859617710113525,,
6gw2__1__1.A__1.C,5.342064380645752,,
6gw4__1__1.A__1.B,4.368305683135986,,
6gwv__3__1.O_1.P__1.CA,4.045152187347412,,
6gxv__2__1.B__1.D,4.645418643951416,0.7685455622485569,3.8768730817028594
6gy9__1__1.A_1.B__1.C,1.4611589908599854,,
6h15__1__1.D__1.G,3.970901489257813,,
6h6m__1__1.C_1.D__1.X,3.9279632568359375,,
6h7e__1__1.A__1.C,0.8823851346969604,,
6hbz__1__1.A_1.B__1.C_1.D,3.281358003616333,,
6hmh__1__1.A__1.B_1.D_1.E,4.097982406616211,1.132984801193967,2.964997605422244
6hph__1__1.A__1.B_1.C,3.8978805541992183,,
6hso__1__1.A_2.A__1.L_1.M_1.N,2.72247576713562,,
6hvh__1__1.A__1.B_1.C,4.950404644012451,,
6hvj__1__1.A__1.B,1.7209315299987793,,
6i1g__2__1.B__1.D,3.0349888801574707,,
6i1h__2__1.B__1.D,3.166862726211548,,
6i34__1__1.B__1.L,2.193225383758545,,
6i35__2__1.C__1.N_1.P,2.6270642280578613,,
6i5p__4__1.G__1.H,4.480566501617432,,
6i6r__2__1.B__1.M,2.542120218276977,,
6i6x__1__1.A__1.G,2.3954176902771,,
6i6x__2__1.B__1.E,4.42404317855835,,
6i6x__2__1.B__1.S,1.8620696067810056,,
6iik__1__1.B__1.D,2.704852104187012,,
6iil__1__1.B__1.D,2.5857043266296387,,
6imj__1__1.A__1.E_1.G_1.H,2.5500991344451904,,
6iqx__2__1.B__1.Q,3.0771679878234863,,
6iqy__2__1.B__1.S,2.8229005336761475,,
6jd5__2__1.B__1.E_1.F,3.564529657363892,,
6jo0__1__1.A__1.B,1.9868334531784055,,
6kal__1__1.A__1.G_1.H,1.600433588027954,,
6kfe__1__1.A_2.A__1.D,2.8533992767333984,,
6kx8__2__1.B__1.D,4.789098739624023,,
6l3r__1__1.A__1.E,4.018487453460693,,
6lel__1__1.A_2.B__1.C,3.869873285293579,,
6lfr__1__1.A__1.B,1.0604898929595947,,
6lft__1__1.A__1.B_1.C,1.5704689025878906,,
6lil__1__1.B__1.K,0.0141381369903683,,
6lq9__1__1.C__1.J,1.2776567935943604,,
6lsa__2__1.D__1.E,2.5351994037628174,,
6m06__2__1.B__1.D,1.7807713747024536,,
6m3z__1__1.A_1.B_1.C__1.E_1.L,1.3679131269454956,,
6m47__1__1.A__1.G,1.3730602264404297,,
6mcj__1__1.A__1.C,0.2491824477910995,,
6ms8__1__1.A__1.I,4.205118656158447,,
6mx3__1__1.A_1.B__1.C_1.D,3.8092312812805176,,
6o9x__1__1.A__1.B,2.362030506134033,,
6oa1__1__1.A__1.B,1.6641777753829956,,
6oa3__1__1.A__1.B,1.9494236707687376,,
6oug__1__1.A_1.B_1.C_1.D__1.I,1.5461684465408323,0.367068364988955,1.1791000815518773
6pai__1__1.B_1.C__1.G,4.536254405975342,,
6pe3__1__1.A__1.B,3.1004855632781982,,
6peu__1__1.A_1.E__1.I_1.J_1.K,3.282879114151001,,
6pgu__1__1.A__1.C,5.33214807510376,,
6pia__1__1.A_1.B__1.J_1.L_1.Q,1.153566837310791,,
6pyy__1__1.D__1.P,1.6479151248931885,,
6q8n__2__1.B__1.W,2.7323782444000244,,
6qp8__1__1.B__1.I,4.414760112762451,,
6qpl__1__1.A__1.E_1.F,2.419262409210205,,
6qvg__1__1.A_1.B__1.L,1.7391804456710815,,
6r4g__1__1.B__1.F_1.G,1.8125264644622805,,
6r4j__1__1.B__1.G_1.H,1.6606121063232422,,
6r4y__1__1.A_1.D__1.D_1.E,3.25706148147583,,
6r58__2__1.B__1.F_1.J,3.9084298610687256,,
6rtw__1__1.A__1.D,2.9380598068237305,,
6sh1__1__1.A__1.D,2.9782965183258057,,
6t7g__2__1.B__1.L_1.M,2.2583208084106445,,
6tez__1__1.A__1.C_1.I,1.9669848680496216,,
6tlk__2__1.D__1.R,4.540543556213379,,
6tn2__1__1.A__1.B,3.357147216796875,,
6tvn__4__1.D__1.L,2.19339919090271,,
6u5y__2__1.B__1.D,3.005429983139038,,
6uik__1__1.A__1.C,1.1513988971710205,,
6ujj__1__1.A__1.B,0.0281104017049074,,
6ul2__3__1.C__1.W,1.278997540473938,,
6w8z__1__1.A__1.E,1.8004406690597534,,
6wk8__1__1.A_1.B_1.D__1.F,1.4498450756072998,,
6wk9__2__1.E_1.F_1.G__1.Q_1.R_1.U_1.V,6.323980331420898,2.32179492879904,4.002185402621858
6wo4__1__1.B__1.E,4.158703804016113,,
6wqt__1__1.A__1.C,4.94490909576416,,
6wuu__1__1.A__1.E,5.819774627685547,,
6wv7__1__1.A__1.C,1.4376039505004885,,
6wvh__1__1.A__1.C,1.611923336982727,,
6x5t__2__1.D__1.Q,2.8965373039245605,,
6x5u__4__2.F__2.X,2.919243574142456,,
6x6v__3__1.C__1.G,3.481230497360229,,
6x81__2__1.D_1.E_1.F__1.I_1.J,4.260034084320068,,
6x82__2__1.D_1.E_1.F__1.H,5.075642108917236,,
6x9f__1__1.A__1.I,0.0,,
6xhq__1__1.A_1.B__1.C,2.0828700065612797,,
6xoo__1__1.A__1.B,4.333676338195801,,
6xop__1__1.A__1.B,2.0484418869018555,,
6xug__1__1.B__1.H_1.I_1.K_1.L,4.604629993438721,,
6xuq__1__2.A__2.B_2.C_2.E,3.210047721862793,,
6y5m__1__1.A__1.I,3.5900087356567383,,
6y87__6__1.F__1.O,3.228012561798096,,
6y88__6__1.F__1.U,0.3603188097476959,,
6yab__2__1.B__1.I,3.074191808700561,,
6ykb__1__1.A__1.C,2.634033441543579,,
6yx0__2__1.B_1.D__1.D_1.F,4.247112274169922,,
6yy6__1__1.A__1.E,3.2627103328704834,,
6yyd__1__1.A__1.B,4.391643047332764,,
6z3v__1__1.A_1.B__1.D_1.I,0.0362147465348243,,
6z4o__1__1.A_1.B__1.D_1.H,0.0145848179236054,,
6zbn__1__1.A__1.G_1.H,4.604063510894775,,
6zbo__1__1.A__1.G_1.H,0.0296131782233715,,
6zc8__1__1.A__1.C,1.8296362161636357,,
6zxb__1__1.B__1.L_1.N_1.O,4.120649337768555,,
7a0c__2__1.B__1.T_1.U,3.44898533821106,,
7a5x__1__1.B__1.G,5.632221221923828,,
7a9z__2__1.B_2.A__2.C,1.5366714000701904,,
7ac8__3__1.E__1.K,3.764942169189453,,
7akw__1__1.A__1.D,2.000737428665161,,
7bht__1__1.A_2.A__2.C,2.0963456630706787,,
7bhx__1__1.A_2.A__1.C_2.C,2.908428907394409,,
7bo7__1__1.A__1.C,0.3380966782569885,,
7c1y__1__1.A_1.B__1.D,2.1241397857666016,,
7c6b__2__1.B__1.E,1.8078330755233765,,
7cbb__1__1.A__1.C,1.9992109537124636,,
7cfd__1__1.A__1.B,3.786355018615722,,
7cfd__5__1.G__1.H,1.1127493381500244,,
7coz__1__1.A__1.D_1.F_1.G,3.3407769203186035,,
7cpr__1__1.F_1.J__1.P,2.704881191253662,,
7crz__1__1.A__1.B_1.C,5.326937675476074,,
7cta__1__2.B__2.E_2.F,4.858705520629883,,
7d2f__1__1.A__1.C,2.072631597518921,,
7d7u__3__1.C__1.F,0.4150450229644775,,
7db7__1__2.A__2.C,0.0377842895686626,,
7e8q__1__1.A_1.C_1.D__1.J,1.6483665704727173,,
7ee5__1__1.A__1.H,2.857945919036865,,
7em1__1__1.A__1.D,2.6454827785491943,,
7erb__2__1.C__1.L_1.M,4.36185359954834,,
7ere__1__1.A_1.B__1.G_1.I,4.332692623138428,,
7f4c__1__1.A__1.C_1.D,4.186429023742676,,
7k5m__1__1.B__1.I,0.1760565787553787,,
7kcy__1__1.A__1.B,3.6855740547180176,,
7khx__1__1.B__1.E,2.990903854370117,,
7kid__1__1.A__1.G,4.758497714996338,,
7li5__1__1.A__1.C,3.3642594814300537,,
7loo__1__1.C_1.D__1.FA_1.HA,3.3205106258392334,,
7m2o__1__1.A__1.B_1.C,2.34954833984375,,
7mfp__1__1.A_1.B__1.I,4.289067268371582,,
7n4w__1__2.A__2.D,5.51489782333374,,
7n54__1__1.B__1.H,2.781877279281616,,
7n8l__2__1.B__1.J_1.M,0.1433319002389907,,
7nag__2__1.B__1.D,3.485634088516236,,
7nah__2__1.B__1.D,4.835621356964111,,
7nn0__2__1.B__1.J,3.8499794006347656,,
7oa4__4__1.D__1.S_1.T_1.U_1.V,2.6173205375671387,,
7okt__1__1.A__1.E,2.8588995933532715,,
7ow2__1__1.A_1.C_1.E_1.G__1.E_1.G,4.042042255401611,,
7p3b__1__1.A__1.C_1.D_1.E,2.9678611755371094,,
7plr__3__1.C__1.O_1.P_1.Q_1.R,3.1738369464874268,,
7pwy__1__1.A_1.B__1.I_1.J,1.90315043926239,,
7pz1__1__1.A__1.D,0.2474318891763687,,
7qea__1__1.A__1.C,5.381802558898926,,
7qox__1__1.A__1.D,4.632928848266602,,
7qta__2__1.B__1.O,2.95911192893982,,
7qu9__2__1.B__1.G,1.330738186836243,,
7r2v__2__1.B__1.L,4.429059505462647,,
7rbw__2__1.B__1.D,6.04210901260376,,
7rf9__2__1.C_1.D__1.GA,3.2653963565826416,,
7rgy__1__1.A__1.D,4.135763645172119,,
7rgz__1__1.A__1.D,3.460130453109741,,
7rtc__2__1.B__1.E,2.140719175338745,,
7s2r__1__1.A__1.C,4.147704601287842,,
7s7t__1__1.A__1.B,2.471304655075073,,
7siy__1__1.A__1.B,4.098778247833252,,
7ssi__2__1.E__1.N_1.O,3.139580726623535,,
7t78__2__1.B__1.I,4.443353652954102,,
7t8f__1__1.A_1.B__1.E_1.H,0.7027664184570312,,
7t9z__2__1.B__1.E,1.3205134868621826,,
7ta0__2__1.C_2.C__2.H,2.4928858280181885,,
7tfp__2__1.B_2.C__2.F_2.G,1.6328529119491575,,
7u0r__1__1.B__1.I_1.J_1.K_1.L,1.7267011404037476,,
7u8y__1__1.B__1.G_1.H_1.I_1.J,2.398672342300415,,
7uas__1__1.A__1.C,5.1305131912231445,,
7uxs__1__1.A_1.B__1.C_1.F,3.0879323482513428,,
7v0j__3__1.C__1.F,3.8612430095672607,2.3206678144259443,1.5405751951413165
7v3d__1__1.A_1.B__1.F,3.153341054916382,,
7vbt__1__1.B__1.D,3.1367902755737305,,
7vbv__1__1.B__1.N,0.0434326529502868,,
7vf3__2__1.C__1.G,2.8641932010650635,,
7vjt__1__1.A__1.C,3.864033937454224,,
7vtf__1__1.A_1.B__1.F,2.0039525032043457,,
7vzn__1__1.A_1.B__1.S_1.T_1.U,3.22792911529541,,
7w2f__1__1.A__1.M,0.426396369934082,,
7w2g__1__1.A__1.M,0.5476091504096985,,
7wmi__1__1.B__1.F_1.G,4.036144256591797,,
7x11__1__1.D__1.P,4.05788516998291,,
7y4o__1__1.B__1.D,3.1331026554107666,,
7y4p__1__1.A__1.E,2.720628261566162,,
7z5u__1__1.A__1.B_1.C,5.319476127624512,,
7zbv__1__1.A__1.B_1.E,1.0393670797348022,,
7zm0__1__1.A__1.K,6.040562629699707,,
7zns__1__1.A__1.C,4.784359455108643,2.0811517278632863,2.7032077272453563
8a0v__2__1.B__1.L,0.7258360385894775,,
8a1n__1__1.A__1.C,1.3629666566848757,,
8ak6__2__1.B__1.P_1.Q,1.5637558698654177,,
8akb__2__1.B__1.K,2.0749728679656982,,
8b0d__1__1.A__1.C,3.9336962699890137,,
8b0e__1__1.A__1.B,1.9096500873565676,,
8b18__1__1.A__1.C,1.2765178680419922,,
8b1a__1__1.A__1.C,1.5364844799041748,,
8b1b__1__1.A__1.C,2.4478578567504883,,
8b1e__1__1.A__1.C,2.475041627883911,,
8b1f__1__1.A__1.C,1.5207661390304563,,
8b1h__1__1.A__1.C,1.5896364450454712,,
8b6m__1__1.A_1.B__1.E,3.0333147048950195,,
8bf4__1__1.B__1.H,2.7684364318847656,,
8bnx__1__1.A__1.C,3.5897152423858643,,
8bq4__1__1.B__1.D,2.184298515319824,,
8bv3__1__1.B_1.C__1.I_1.L,3.775916814804077,,
8bzx__1__1.A_1.B__1.C_1.D,1.9658602476119995,,
8caa__1__1.B__1.F,3.1314327716827397,,
8cov__1__1.B__1.T,2.316346406936645,,
8dc6__3__1.C__1.U,3.09844708442688,,
8e0t__1__1.B__1.E,1.8298088312149048,,
8e1s__1__1.A__1.C_1.E_1.F,2.787192344665528,,
8e1v__1__1.A__1.C_1.D,3.0639889240264893,,
8ede__1__1.A__1.C,2.930155038833618,,
8eg6__2__1.G_1.H__1.AA,3.4220218658447266,,
8ep7__2__1.B_2.B__2.E,4.802821159362793,,
8ez1__1__1.A_1.B__1.D,2.8048901557922363,,
8ez1__1__1.A_1.B__1.E,2.460801124572754,,
8f1g__1__1.A__1.C,3.3828227519989014,,
8fg8__2__1.B__1.GA_1.Q_1.R,3.255970001220703,,
8fvb__1__1.B_2.A_2.B__2.E,2.92399263381958,,
8g9d__1__1.A__1.B,2.550209045410156,,
8gen__1__2.A_3.A__2.B,1.945395231246948,,
8get__1__1.C__1.P,2.2219479084014893,,
8gkf__1__1.A__1.J,2.631831645965576,,
8gmi__1__1.B__1.K,0.6142055988311768,,
8hq3__1__1.C__1.JA,8.642465591430664,,
8i5q__2__1.B__1.D,4.010246276855469,2.4641166099125327,1.546129666942936
8iw3__1__1.A_1.B__1.F,2.5737996101379395,,
8iw6__1__1.A_1.B__1.F,2.514183521270752,,
8jnv__1__1.B__1.E_1.F,1.6486546993255615,,
8jyf__1__1.B__1.F,0.5662758350372314,,
8k5y__1__1.A__1.H,2.778693437576294,,
8odp__1__1.A_1.B__1.I_1.J_1.K_1.L,3.865709781646729,,
8oep__2__1.C__1.D,4.4935407638549805,,
8og5__1__1.A__1.D,0.0,,
8og9__1__1.A__1.C,0.0,,
8ogh__1__1.A_1.B__1.M_1.R,5.037269115447998,,
8ome__1__1.A_1.D__1.H,5.0177202224731445,,
8one__1__1.A__1.F_1.K,2.1926848888397217,,
8oo5__1__1.A__1.B_1.D_1.E,5.8518548011779785,,
8ppd__2__1.B__1.L,4.140072345733643,,
8pw1__10__1.J__1.T,4.465246677398682,,
8q0u__1__1.A__1.D,3.2486438751220703,,
8qdy__1__1.A_2.A__2.B,0.8573787212371826,,
8qe3__1__1.A_2.A__2.B,4.658671855926514,,
8qhq__2__1.C_1.D__1.O,1.6892340183258057,,
8qth__1__1.A__1.B,3.777019739151001,,
8qtj__1__1.A__1.E,2.776644706726074,,
8qv7__1__1.A__1.E,1.9481842517852783,,
8r3d__1__1.B_1.E__1.J,2.840906381607056,,
8sge__1__1.A__1.H,4.797489643096924,,
8sz3__1__1.A_2.B__2.I,2.067251443862915,,
8t5k__1__1.A_2.A__1.B_2.B,0.8657669425010681,,
8tjc__1__1.B__1.N,2.3429436683654785,,
8ttj__4__1.D__1.CA,2.063871145248413,,
8uuf__1__1.A__1.B,2.919105768203736,,
8w6p__1__1.A_1.B__1.E,4.635619163513184,,
8wsm__1__1.A__1.D,2.2097861766815186,,
